join,BUTTIGIEG,SANDERS,KLOBUCHAR,BIDEN,BLOOMBERG,GABBARD,OTHER,PATRICK,STEYER,UNCOMMITTED,WARREN,YANG,WINNER
(AG) Allen's Grove Township,0.4133,0,0,0,0,0,0,0,0,0,0,0,BUTTIGIEG
(B11) City of Bettendorf,0.8267,0.8267,0.8267,0,0,0,0,0,0,0,0.4133,0,TIED
(B12) City of Bettendorf,0.4133,0.8267,0,0.8267,0,0,0,0,0,0,0.4133,0,TIED
(B21) City of Bettendorf,0.4133,0.4133,0.4133,0,0,0,0,0,0,0,0.4133,0,TIED
(B22) City of Bettendorf,0.8267,0.4133,0.4133,0.4133,0,0,0,0,0,0,0.4133,0,TIED
(B23) City of Bettendorf,0,0,0.4133,0,0,0,0,0,0,0,0,0,KLOBUCHAR
(B31) City of Bettendorf,0.8267,0.8267,0.4133,0,0,0,0,0,0,0,0.4133,0,TIED
(B32) City of Bettendorf,0.4133,0.4133,0.4133,0.8267,0,0,0,0,0,0,0.4133,0,TIED
(B41) City of Bettendorf,0.8267,0.4133,0.4133,0.8267,0,0,0,0,0,0,0.4133,0,TIED
(B42) City of Bettendorf,1.24,0.8267,0,0,0,0,0,0,0,0,0.8267,0,TIED
(B51) City of Bettendorf,1.24,0.8267,0.8267,0,0,0,0,0,0,0,0,0,TIED
(B52) City of Bettendorf,1.24,1.24,0.8267,0.8267,0,0,0,0,0,0,0,0,TIED
(BF) City of Buffalo,0,0,0,0.4133,0,0,0,0,0,0,0,0,BIDEN
(BG) Blue Grass Township,0.4133,0.8267,0,0.4133,0,0,0,0,0,0,0.4133,0,TIED
(BU) Buffalo Township,0.4133,0.4133,0.4133,0.4133,0,0,0,0,0,0,0.4133,0,TIED
(D11) City of Davenport,0.4133,0.8267,0.8267,0.4133,0,0,0,0,0,0,0,0,TIED
(D12) City of Davenport,0.8267,0.8267,0,0.8267,0,0,0,0,0,0,0,0,TIED
(D13) City of Davenport,0.8267,0.8267,0,0.4133,0,0,0,0,0,0,0.4133,0,TIED
(D14) City of Davenport,0,0.8267,0,0.4133,0,0,0,0,0,0,0.4133,0.4133,TIED
(D21) City of Davenport,0.4133,0.8267,0,0.4133,0,0,0,0,0,0,0.8267,0,TIED
(D22) City of Davenport,0.4133,0.4133,0,0.4133,0,0,0,0,0,0,0.4133,0,TIED
(D23) City of Davenport,0.4133,0.4133,0,0.4133,0,0,0,0,0,0,0.4133,0,TIED
(D24) City of Davenport,0.8267,0.8267,0.4133,0.4133,0,0,0,0,0,0,0,0,TIED
(D31) City of Davenport,0.4133,0.8267,0,0.4133,0,0,0,0,0,0,0.4133,0,TIED
(D32) City of Davenport,0.4133,0.8267,0.4133,0,0,0,0,0,0,0,0,0,TIED
(D33) City of Davenport,0.4133,0.8267,0,0,0,0,0,0,0,0,0.4133,0,TIED
(D34) City of Davenport,0.4133,0.8267,0,0.4133,0,0,0.4133,0,0,0,0.4133,0,TIED
(D41) City of Davenport,0.8267,1.24,0,0,0,0,0,0,0,0,0.8267,0,TIED
(D42) City of Davenport,0,0.8267,0,0.4133,0,0,0,0,0,0,0.8267,0,TIED
(D43) City of Davenport,0.4133,0.8267,0,0.4133,0,0,0,0,0,0,0.4133,0,TIED
(D44) City of Davenport,0.4133,0.8267,0,0,0,0,0,0,0,0,0.4133,0.4133,TIED
(D51) City of Davenport,0.8267,1.24,0,0,0,0,0,0,0,0,0.8267,0,TIED
(D52) City of Davenport,1.24,1.24,0.8267,0.8267,0,0,0,0,0,0,0,0,TIED
(D53) City of Davenport,0.4133,0.8267,0,0.4133,0,0,0,0,0,0,0.8267,0,TIED
(D54) City of Davenport,0.4133,0.8267,0,0.4133,0,0,0,0,0,0,0.4133,0,TIED
(D61) City of Davenport,0.8267,0,0.8267,0.4133,0,0,0,0,0,0,0.4133,0,TIED
(D62) City of Davenport,0.8267,0,0.8267,0.4133,0,0,0,0,0,0,0.4133,0,TIED
(D63) City of Davenport,0.8267,0.8267,0,0.8267,0,0,0,0,0,0,0.4133,0,TIED
(D64) City of Davenport,1.24,0.8267,1.24,0,0,0,0,0,0,0,0.4133,0,TIED
(D71) City of Davenport,0.4133,0.4133,0.8267,0.8267,0,0,0,0,0,0,0.4133,0,TIED
(D72) City of Davenport,0.8267,0.8267,0,0.4133,0,0,0,0,0,0,0.8267,0,TIED
(D73) City of Davenport,0.4133,0.8267,0,0.8267,0,0,0,0,0,0,0.4133,0,TIED
(D74) City of Davenport,0,0.4133,0.4133,0.4133,0,0,0,0,0,0,0.4133,0,TIED
(D81) City of Davenport,0.4133,0.8267,0,0.4133,0,0,0,0,0,0,0.4133,0,TIED
(D82) City of Davenport,0.8267,0.8267,0,0.8267,0,0,0,0,0,0,0.4133,0,TIED
(D83) City of Davenport,0.4133,0.8267,0.8267,0.8267,0,0,0,0,0,0,0,0,TIED
(D84) City of Davenport,0.8267,0.4133,0.4133,0.4133,0,0,0,0,0,0,0,0,TIED
(DH) City of Donahue,0.4133,0,0,0,0,0,0,0,0,0,0,0,BUTTIGIEG
(EL1) City of Eldridge,0.8267,0.4133,0.4133,0.4133,0,0,0,0,0,0,0.4133,0,TIED
(EL2) City of Eldridge,0.8267,0.4133,0,0.4133,0,0,0,0,0,0,0.4133,0,TIED
(HG) Hickory Grove Township,0.4133,0,0,0,0,0,0,0,0,0,0,0,BUTTIGIEG
(LB) Liberty Township,0,0.4133,0,0,0,0,0,0,0,0,0,0,SANDERS
(LC1) City of LeClaire,0.4133,0.4133,0.4133,0,0,0,0,0,0,0,0.4133,0,TIED
(LC2) City of LeClaire,0.4133,0.4133,0.4133,0,0,0,0,0,0,0,0.4133,0,TIED
(LCT) LeClaire Township,0.4133,0,0.4133,0,0,0,0,0,0,0,0,0,TIED
(LG) City of Long Grove,0.4133,0,0,0.4133,0,0,0,0,0,0,0,0,TIED
(MC) McCausland,0.4133,0,0,0,0,0,0,0,0,0,0,0,BUTTIGIEG
(PKV) Park View,0.4133,0.4133,0.4133,0,0,0,0,0,0,0,0.4133,0,TIED
(PR) Princeton Township,0.4133,0,0.4133,0,0,0,0,0,0,0,0,0,TIED
(PV) Pleasant Valley,0.4133,0,0.4133,0,0,0,0,0,0,0,0,0,TIED
(RV) City of Riverdale,0,0,0,0,0,0,0,0,0,0,0.4133,0,WARREN
(WC) Walcott Precinct,0.4133,0,0.4133,0,0,0,0,0,0,0,0.4133,0,TIED
(WF) Winfield Township,0,0,0.4133,0,0,0,0,0,0,0,0,0,KLOBUCHAR
#1 Aurelia,0,0.4364,0,0.2182,0,0,0,0,0,0,0.2182,0,TIED
#2 Cleghorn/Marcus,0.1091,0.2182,0.3273,0.3273,0,0,0,0,0,0,0,0,TIED
#3 Quimby,0.1091,0.1091,0,0.2182,0,0,0,0,0.1091,0,0,0,TIED
#4 Cherokee,0.1091,0.1091,0.1091,0.1091,0,0,0,0,0,0,0.1091,0,TIED
#5 Cherokee Ward 1,0.3273,0,0.2182,0.3273,0,0,0,0,0,0,0,0.2182,TIED
#6 Cherokee Ward 2,0.2182,0.4364,0,0.1091,0,0,0,0,0,0,0,0,SANDERS
#7 Cherokee Ward 3,0.2182,0.4364,0,0.1091,0,0,0,0,0,0,0,0,SANDERS
1-1 Blockton,0.1,0.1,0,0,0,0,0,0,0,0,0,0,TIED
1-GR,0.2333,0.2333,0.35,0.2333,0,0,0,0,0,0,0.1167,0,TIED
1NW Adair,0.0784,0.1569,0.1569,0.0784,0,0,0,0,0,0,0.1569,0,TIED
1st Ward,0,1.54,0,0,0,0,0,0,0,0.56,1.26,0,SANDERS
2-1 Clearfield,0,0,0,0.1,0,0,0,0,0,0,0.1,0,TIED
2-CL,0,0.35,0.35,0.2333,0,0,0,0,0,0,0.35,0,TIED
29 Sergeant Bluff East/Woodbury,0.2125,0.425,0.2125,0.6375,0,0,0,0,0,0,0,0,TIED
2nd Ward,0.42,0.56,0.56,0,0,0,0,0,0,0,0.84,0,TIED
2NE Stuart,0.3137,0.2353,0.1569,0,0,0,0,0,0.1569,0,0,0,TIED
3-1 Gravity,0.1,0.1,0,0,0,0,0,0,0,0,0,0,TIED
3-DU,0,0.2333,0,0,0,0,0,0,0,0,0.2333,0,TIED
30 Sergeant Bluff West,0.2125,0.425,0.2125,0.2125,0,0,0,0,0,0,0.2125,0,TIED
31 Salix/Liberty/Lakeport,0.2125,0,0,0.2125,0,0,0,0,0,0,0.2125,0,TIED
32 Bronson/Floyd/Grange,0.2125,0.2125,0,0,0,0,0,0,0,0,0,0,TIED
33 Pierson/Rutland,0,0,0,0.2125,0,0,0,0,0,0,0,0,BIDEN
34 Correctionville/Kedron/Union,0.2125,0,0,0,0,0,0,0,0,0,0.2125,0,TIED
35 Moville/Arlington/Wolf Creek,0.2125,0.2125,0.2125,0.2125,0,0,0,0,0,0,0.2125,0,TIED
36 Lawton/Banner,0,0,0.2125,0.2125,0,0,0,0,0,0,0,0,TIED
37 Climbing Hill/Grant/West Fork,0,0,0,0.2125,0,0,0,0,0,0,0,0,BIDEN
38 Sloan,0,0.2125,0,0.2125,0,0,0,0,0,0,0,0,TIED
39 Hornick/Willow,0,0,0,0,0,0,0,0,0,0,0.2125,0,WARREN
3rd Ward,0.42,0.7,0,0,0,0,0,0,0,0,0.56,0,SANDERS
3SW Fontanelle,0,0.1569,0,0.1569,0,0,0,0,0,0,0,0.3922,TIED
4 Grfld Lncln Sher Pilot Grove Twp Elliott,0.08,0,0.08,0.08,0,0,0,0,0,0,0,0,TIED
4-1 New Market,0.1,0.2,0.1,0,0,0,0,0,0,0,0,0,TIED
4-AL,0.1167,0.1167,0,0.1167,0,0,0,0,0,0,0,0.1167,TIED
40 Anthon/Miller,0.2125,0,0,0,0,0,0,0,0,0,0,0,BUTTIGIEG
41 Danbury/Liston/Morgan,0,0,0,0,0,0,0,0,0,0,0.2125,0,WARREN
42 Smithland/Little Sioux,0,0,0,0,0,0,0,0,0,0,0.2125,0,WARREN
43 Oto/Oto Township,0,0.2125,0,0,0,0,0,0,0,0,0,0,SANDERS
44 Cushing/Rock,0,0,0,0.2125,0,0,0,0,0,0,0,0,BIDEN
4SE Orient,0.1569,0.0784,0.1569,0.1569,0,0,0,0,0,0,0.2353,0,TIED
4th Ward,0,1.12,0.56,0,0,0,0,0,0,0,0.56,0,TIED
5 Pilot Grove Frankfort Douglas Wash Twp Grant,0.08,0,0.08,0,0,0,0,0,0,0,0.08,0,TIED
5-2 Lenox,0.4,0,0.2,0.3,0,0,0,0,0,0,0.2,0,TIED
5-AP,0.2333,0.1167,0,0.1167,0,0,0,0,0,0,0.1167,0,TIED
5GF Greenfield,0.1569,0.3137,0.3922,0,0,0,0,0,0,0,0,0.1569,TIED
6 West Grant Scott Twp Coburg Stanton,0.08,0.16,0,0,0,0,0,0,0.08,0,0.08,0,TIED
6-3 City of Bedford,0.1,0.1,0,0.1,0,0,0,0,0,0,0.1,0.2,TIED
6-SR,0.2333,0.35,0.2333,0.2333,0,0,0,0,0,0,0.2333,0,TIED
7 Scott East Twp Villisca,0.32,0.16,0,0,0,0,0,0,0,0,0.08,0,BUTTIGIEG
7-3 Legion,0.1,0,0.1,0.1,0,0,0,0,0,0,0,0,TIED
7-PB,0.2333,0.2333,0.2333,0.2333,0,0,0,0,0,0,0.2333,0,TIED
8-NH,0.2333,0.1167,0,0.2333,0,0,0,0,0,0,0,0,TIED
A-01 Allerton-Clio-Lineville,0,0.225,0.225,0,0,0,0,0,0,0,0.15,0,TIED
Adams,0.4143,0,0.4143,0,0,0,0,0,0,0,0,0,TIED
Adams 1,0.1714,0.1714,0.1714,0.0857,0,0,0,0,0,0,0.0857,0,TIED
Adams 2,0.0857,0.0857,0.1714,0.0857,0,0,0,0,0,0,0.1714,0,TIED
Adams 3,0,0.1714,0.1714,0.3429,0,0,0,0,0,0,0,0,TIED
Adams 4,0.0857,0,0.1714,0.1714,0,0,0,0,0,0,0.1714,0,TIED
Adams 5,0.1714,0.0857,0.0857,0.0857,0,0,0,0,0,0,0,0,TIED
Adams Precinct,0.4143,0,0.4143,0,0,0,0,0,0,0,0,0,TIED
Adams-Monroe-Pleasant Grove-Union,0,0,0,0.16,0,0,0,0,0,0,0.16,0,TIED
Adams/Blakesburg/Polk,0.18,0.09,0,0.18,0,0,0,0,0,0,0.09,0,TIED
Adams/Hazel Green,0.15,0.15,0,0,0,0,0,0,0,0,0.225,0,TIED
Adel 1 Precinct,0.4143,0,0,0.4143,0,0,0,0,0,0,0.4143,0,TIED
Adel 2 Precinct,0.4143,0.4143,0,0.4143,0,0,0,0,0,0,0.4143,0,TIED
Afton,0.225,0.3,0,0.15,0,0,0,0,0,0,0,0,SANDERS
Afton/Howard/Paris,0.2857,0.1429,0,0.2857,0,0,0,0,0.1429,0,0,0,TIED
AG-IL-Armstrong,0.1143,0.1143,0.1143,0,0,0,0,0,0.1143,0,0,0,TIED
Agency/Agency/Pleasant,0.18,0.18,0,0.18,0,0,0,0,0,0,0.18,0,TIED
Ainsworth,0.3714,0.3714,0,0.3714,0,0,0,0,0,0,0.3714,0,TIED
AL1,0.1778,0.1778,0.1778,0.1778,0,0,0,0,0,0,0.0889,0,TIED
AL2,0.3556,0,0.2667,0.4444,0,0,0,0,0,0,0,0,BIDEN
AL3,0.2667,0.1778,0.1778,0.1778,0,0,0,0,0,0,0.0889,0,TIED
AL4,0.3556,0,0.1778,0.1778,0,0,0,0,0,0,0,0,TIED
Albert City Fairfield Coon,0,0.2,0.2,0,0,0,0,0,0,0,0,0,TIED
Albion/Forest City,0.1429,0.1429,0,0.1429,0,0,0,0,0,0,0,0,TIED
Alden/Buckeye,0.072,0.216,0.144,0.288,0,0,0,0,0,0,0,0,BIDEN
Alleman 01,0,0,0.2798,0,0,0,0,0,0.2798,0,0,0,TIED
Allen 01,0,0.2798,0,0,0,0,0,0,0,0,0,0,SANDERS
Allen 2,0.7,0,0,0.2333,0,0,0,0,0,0,0.4667,0,BUTTIGIEG
Allen 3,0.4667,0.4667,0.4667,0.2333,0,0,0,0,0,0,0.2333,0,TIED
Alta Nokomis Elk,0,0.4,0,0.4,0,0,0,0,0,0,0,0.2,TIED
Alton/Nassau/East Orange,0,0.175,0.175,0.0875,0,0,0,0,0,0,0.175,0,TIED
Altoona 01,0.5596,0.2798,0,0.2798,0,0,0,0,0,0,0.2798,0,TIED
Altoona 02,0.5596,0.8394,0.2798,0.2798,0,0,0,0,0,0,0.5596,0,TIED
Altoona 03,0.8394,0.8394,0.5596,0.5596,0,0,0,0,0,0,0.5596,0,TIED
Altoona 04,0.8394,0.5596,0.5596,0.2798,0,0,0,0,0,0,0.5596,0,TIED
Altoona 05,1.1192,0.5596,0.8394,0.5596,0,0,0,0,0,0,0,0,TIED
Am-Bu-ER-Doug-Har-Neb-Nod-Brad-CS-He-Sh-Yt,0.16,0.16,0.24,0.08,0,0,0,0,0,0,0.16,0,TIED
Ames 1-1,0.83,0.83,0,0,0,0,0,0,0,0,0.83,0,TIED
Ames 1-2,0,1.245,0.83,0,0,0,0,0,0,0,1.245,0,TIED
Ames 1-3 - Grant Twp 2,0.415,1.66,0,0,0,0,0,0,0,0,0.415,0,TIED
Ames 1-4,0,1.66,0,0,0,0,0,0,0,0.415,1.245,0,SANDERS
Ames 1-5,0.83,0.83,0.83,0,0,0,0,0,0,0,1.245,0,TIED
Ames 2-1,0,1.66,1.245,0,0,0,0,0,0,0,1.245,0,TIED
Ames 2-2,0,1.245,0.83,0,0,0,0,0,0,0,0.83,0,TIED
Ames 2-3,0.415,0.83,0.83,0.83,0,0,0,0,0,0,0.415,0,TIED
Ames 2-4,0.83,0.83,1.245,0,0,0,0,0,0,0,0.83,0,TIED
Ames 2-5,1.245,0,1.245,0,0,0,0,0,0,0,1.245,0,TIED
Ames 3-1,0,1.245,1.245,0,0,0,0,0,0,0,1.245,0,TIED
Ames 3-2,0.415,1.245,0,0,0,0,0,0,0,0,0.415,0,TIED
Ames 3-3,0,0.83,0.415,0,0,0,0,0,0,0,0.415,0.415,TIED
Ames 3-4,1.245,1.245,0,0,0,0,0,0,0,0,0.83,0,TIED
Ames 3-5,0.83,0.83,0.83,0,0,0,0,0,0,0,0.83,0,TIED
Ames 4-1,0.83,0.83,0,0,0,0,0,0,0,0,0.415,0.415,TIED
Ames 4-2,0.415,0.415,0,0,0,0,0,0,0,0,0.415,0.415,TIED
Ames 4-3,0.415,0.83,0,0,0,0,0,0,0,0,0.415,0.415,TIED
Ames 4-4,0,1.245,0.83,0,0,0,0,0,0,0,0.83,0,TIED
Ames 4-5,0.415,0.83,0.83,0.415,0,0,0,0,0,0,0.83,0,TIED
Ankeny 01,1.6788,1.1192,0,1.1192,0,0,0,0,0,0,1.399,0,TIED
Ankeny 02,1.399,0.2798,0,0.5596,0,0,0,0,0,0,0.5596,0,TIED
Ankeny 03,0.8394,0.8394,0,0,0,0,0,0,0,0,0.8394,0,TIED
Ankeny 04,0.5596,0.5596,0.5596,0,0,0,0,0,0,0,0.8394,0,TIED
Ankeny 05,0.8394,0.8394,0.2798,0.2798,0,0,0,0,0,0,0.5596,0,TIED
Ankeny 06,0.5596,0.5596,0.5596,0.5596,0,0,0,0,0,0,0.5596,0,TIED
Ankeny 07,0.8394,0.5596,0,0.2798,0,0,0,0,0,0,0.5596,0,TIED
Ankeny 08,0.8394,0.5596,0.5596,0,0,0,0,0,0,0,0.8394,0,TIED
Ankeny 09,0.8394,0.8394,0.5596,0,0,0,0,0,0,0,0.5596,0,TIED
Ankeny 10,0.8394,0.5596,0,0.2798,0,0,0,0,0,0,0.5596,0,TIED
Ankeny 11,0.5596,0.8394,0,0.5596,0,0,0,0,0,0,0.5596,0,TIED
Ankeny 12,1.6788,1.1192,0,0.8394,0,0,0,0,0,0,1.1192,0,TIED
Ankeny 13,1.1192,0.8394,0.8394,0.5596,0,0,0,0,0,0,0.5596,0,TIED
Ankeny 14,1.1192,0.8394,0,0,0,0,0,0,0,0,0.8394,0,TIED
Ankeny 15,0.8394,0.5596,0,0.5596,0,0,0,0,0,0,0.5596,0,TIED
ANN-Anamosa North/Cass,0.48,0.32,0,0.32,0,0,0,0,0,0,0.32,0,TIED
ANS-Anamosa South/Jackson,0.8,0.48,0,0.48,0,0,0,0,0,0,0.32,0,TIED
Arcadia,0.11,0.11,0,0,0,0,0,0,0,0,0,0,TIED
Arispe,0,0.075,0,0.075,0,0,0,0,0,0,0,0,TIED
Ashton Belvidere Kennebec Lincoln Franklin Turin,0.1,0.1,0.15,0,0,0,0,0,0,0,0.05,0,TIED
Ashton Precinct 0100,0.1,0,0.1,0.1,0,0,0,0,0,0,0,0,TIED
Athens,0.1125,0,0.1125,0.1125,0,0,0,0,0,0,0,0,TIED
Atlantic 1,0.12,0.24,0,0.12,0,0,0,0,0,0,0,0,TIED
Atlantic 2,0.24,0.24,0,0.12,0,0,0,0,0,0,0,0,TIED
Atlantic 3,0.12,0,0.12,0.24,0,0,0,0,0,0,0.12,0,TIED
Atlantic 4,0.36,0.12,0,0,0,0,0,0,0,0,0.24,0,BUTTIGIEG
Atlantic 5,0.12,0,0.12,0.24,0,0,0,0,0,0,0.24,0,TIED
Auburn,0.0667,0.0667,0,0.0667,0,0,0,0,0,0,0,0,TIED
Auburn Twp,0,0,0,0.12,0,0,0,0,0.12,0,0,0,TIED
Aurora,0.1368,0.1368,0,0.4105,0,0,0,0,0,0,0,0,TIED
Avery-North Weaver,0.0889,0,0.0889,0.0889,0,0,0,0,0,0,0,0,TIED
Avoca,0.24,0.24,0.12,0.24,0,0,0,0,0,0,0.12,0,TIED
Badger-NW Cooper,0.25,0.1667,0.1667,0.1667,0,0,0,0,0,0,0,0,TIED
Bangor/Liscomb,0.16,0.16,0,0.16,0,0,0,0,0,0,0,0,TIED
Banks-Fremont Twp,0.24,0,0,0.12,0,0,0,0,0,0,0.12,0,TIED
Barclay Lester Dunkerton,0.404,0.202,0,0.202,0,0,0,0,0.202,0,0,0,TIED
Barton/Deer Creek/Union/Grafton,0.0667,0.1333,0.2667,0.1333,0,0,0,0,0,0,0,0,TIED
Bear Grove-Cass Twp/Lewis,0,0,0.12,0.12,0,0,0,0,0,0,0.12,0,TIED
Beaver/Des Moines,0.4143,0.4143,0.4143,0.4143,0,0,0,0,0,0,0,0,TIED
Bellair/Lincoln,0.08,0,0.08,0.16,0,0,0,0,0,0,0,0,TIED
Belle Plaine 1,0.075,0.075,0,0.15,0,0,0,0,0,0,0.15,0,TIED
Belle Plaine 2,0.075,0.075,0,0.15,0,0,0,0,0,0,0.075,0,TIED
Belle Plaine 3,0.15,0.15,0,0.15,0,0,0,0,0,0,0,0,TIED
Bellville-Lizard-S Lake-S Lincoln,0.12,0,0.06,0,0,0,0,0,0,0,0,0,BUTTIGIEG
Belmond,0.8,0.4,0.2667,0.4,0,0,0,0,0,0,0,0,TIED
Belmont Twp,0.2333,0,0,0,0,0,0,0,0,0,0,0,BUTTIGIEG
Bennington,0.202,0,0,0,0,0,0,0,0,0,0,0,BUTTIGIEG
Benton-Canton-Shellsburg,0.525,0.225,0,0.6,0,0,0,0,0,0,0.3,0,BIDEN
Benton-Franklin Twp/Wiota,0.12,0,0,0,0,0,0,0,0,0,0.12,0,TIED
Benton/Steady Run,0.1143,0.1143,0.1143,0,0,0,0,0,0,0,0,0,TIED
Bertram,0.8791,0.4395,0.4395,0.4395,0,0,0,0,0,0,0.8791,0,TIED
Bethel-Windsor Twp,0.12,0.12,0,0.12,0,0,0,0,0,0,0.12,0,TIED
BF-PT,0.2667,0,0,0.1778,0,0,0,0,0,0,0,0,BUTTIGIEG
Big 6,0,0,0,0,0,0,0,0,0,0,0,0,BUTTIGIEG
Big Creek La Porte,0.606,0.404,0,0.404,0,0,0,0,0,0,0,0,TIED
Big Grove Township,0,0,0.81,0.81,0,0,0,0,0,0,0,0,TIED
Big Grove-Union-Van Horne,0.15,0.225,0.15,0.075,0,0,0,0,0,0,0.075,0,TIED
Birmingham,0.2,0.2,0,0,0,0,0,0,0,0,0,0,TIED
BL/FA/Lamoni,0.2824,0.4235,0.4706,0,0,0,0,0,0,0,0.5176,0,WARREN
Black,0.1714,0.0857,0,0,0,0,0,0,0,0,0.1714,0,TIED
Black Hawk Hudson Lincoln,0.606,0.404,0.404,0.606,0,0,0,0,0,0,0,0,TIED
Black Hawk-Polk-Packwood,0,0.2182,0,0,0,0,0,0,0,0,0,0,SANDERS
Black Oak-Scott,0.16,0,0,0,0,0,0,0,0,0,0.16,0,TIED
Bloomfield Brookfield Delmar,0.2214,0,0,0.2214,0,0,0,0,0,0,0.2214,0,TIED
Bloomfield Ward 1,0.15,0,0,0.15,0,0,0,0,0,0,0.18,0,TIED
Bloomfield Ward 2,0.36,0,0.12,0,0,0,0,0,0,0,0,0,BUTTIGIEG
Bloomfield Ward 3,0.06,0.12,0.09,0.09,0,0,0,0,0,0,0,0,TIED
Bloomington,0.5,0.3333,0.3333,0.1667,0,0,0,0,0,0,0.1667,0,TIED
Blue,0.4286,0,0.6,0,0,0,0,0,0,0,0.3429,0,KLOBUCHAR
BMWJ,0.42,0.28,0.28,0.28,0,0,0,0,0,0,0.28,0,TIED
Boardman-Highland,0.5,0.3333,0.3333,0.3333,0,0,0,0,0,0,0,0,TIED
Bonaparte,0.1,0.2,0,0.1,0,0,0,0,0,0,0,0,TIED
Bondurant 01,0.8394,0.5596,0,0.2798,0,0,0,0,0,0,0,0,BUTTIGIEG
Bondurant 02,0.8394,0.2798,0,0.2798,0,0,0,0,0,0,0.5596,0,TIED
Boone 1st Ward,0.57,0.76,0,0,0,0,0,0,0,0,0.38,0,SANDERS
Boone 2nd Ward,0.57,0.38,0.19,0.38,0,0,0,0,0,0,0.38,0,TIED
Boone 3rd Ward,0.57,0.57,0.38,0,0,0,0,0,0,0,0.38,0,TIED
Boone 4th Ward,0.57,0.76,0,0.38,0,0,0,0,0,0,0.57,0,TIED
Boone 5th Ward,0.57,0.57,0.38,0,0,0,0,0,0,0,0.38,0,TIED
Boulder,0,0,0,0.4395,0,0,0,0,0,0,0,0,BIDEN
Bradford,0.35,0,0.28,0.28,0,0,0,0,0,0,0.35,0,TIED
Brandon,0,0.1368,0.1368,0.1368,0,0,0,0,0,0,0.1368,0,TIED
Brighton-Grove-Pymosa-Washington Twp/Marne,0.12,0,0.12,0.12,0,0,0,0,0,0,0.12,0,TIED
Brighton/Marion/Crawford,0.1857,0,0,0.3714,0,0,0,0,0,0,0.3714,0,TIED
Bristol/Silver Lake/Joice,0.1333,0,0.1333,0.1333,0,0,0,0,0,0,0.0667,0,TIED
Brookfield/Kensett,0.1333,0.1333,0.1333,0,0,0,0,0,0,0,0.0667,0,TIED
Brown,0.1714,0,0.1714,0.0857,0,0,0,0,0,0,0.0857,0,TIED
Brown,0.1714,0,0.1714,0.0857,0,0,0,0,0,0,0.0857,0,TIED
Bruce-Cedar-Mt Auburn,0.15,0.075,0.075,0.075,0,0,0,0,0,0,0,0,TIED
BT-FT-UN,0.1778,0.1778,0.1778,0.1778,0,0,0,0,0,0,0,0,TIED
BU/HA/MO/NB/Davis City/Pleasanton,0.0471,0.0471,0.0471,0,0,0,0,0,0,0,0.0471,0,TIED
Buchanan Township,0,0.2182,0,0,0,0,0,0,0,0,0.2182,0,TIED
Buena Vista,0.1667,0,0,0,0,0,0,0,0,0,0,0,BUTTIGIEG
Buffalo,0,0,0,0.4395,0,0,0,0,0,0,0,0,BIDEN
Buffalo Grant Lincoln,0.45,0,0.15,0,0,0,0,0,0,0,0,0.15,TIED
Butler-Williams,0.1667,0.0833,0,0.1667,0,0,0,0,0,0,0.0833,0,TIED
C-02 Corydon,0.15,0,0.3,0.225,0,0,0,0,0,0,0.3,0,TIED
Caldwell Township,0.08,0,0,0,0,0,0,0,0.08,0,0,0,TIED
Calhoun-Jackson-EG-LK,0.5,0.1667,0,0.25,0,0,0,0,0,0,0.3333,0,BUTTIGIEG
Camanche 1,0.4429,0.4429,0.4429,0.4429,0,0,0,0,0,0,0,0,TIED
Camanche 2,0.4429,0.4429,0,0.6643,0,0,0,0,0,0,0,0,TIED
Cantril,0.1,0,0,0,0,0,0,0,0,0,0.1,0,TIED
Carlton,0.1294,0.1294,0,0.2588,0,0,0,0,0,0,0,0,TIED
Carroll Ward Four,0.44,0.33,0.22,0.44,0,0,0,0,0,0,0,0,TIED
Carroll Ward One,0.66,0,0,0.88,0,0,0,0,0,0,0,0,BIDEN
Carroll Ward Three & S1/2 Maple River Twp,0.33,0.55,0.33,0.22,0,0,0,0,0,0,0,0,TIED
Carroll Ward Two & N1/2 Maple River Twp,0.66,0,0.44,0.44,0,0,0,0,0,0,0.44,0,TIED
Carroll-Floyd,0,0,0.0727,0,0,0,0,0,0,0,0.0727,0,TIED
Carroll/Oneida/N Otter Cr,0.1294,0,0,0,0,0,0,0,0.1294,0,0.1294,0,TIED
Carson,0.12,0,0,0,0,0,0,0,0.12,0,0.12,0,TIED
Carter Lake 1,0.12,0.24,0,0.24,0,0,0,0,0,0,0.12,0.12,TIED
Carter Lake 2,0.24,0.24,0,0,0,0,0,0,0,0,0.12,0.24,TIED
Cass,0.3333,0.1667,0.1667,0.1667,0,0,0,0,0,0,0,0,TIED
Cass-Center-Jackson-Lincoln,0.1,0,0.15,0.25,0,0,0,0,0,0,0.15,0,TIED
Cass/Center/Iowa/Rochester,0,0.5143,0.5143,0,0,0,0,0,0,0,0.3429,0,TIED
Cass/Chillicothe,0,0,0,0,0,0,0,0,0.09,0,0,0,STEYER
Castana Center Jordan,0.05,0.05,0.05,0,0,0,0,0,0,0,0.05,0,TIED
CE/ED/Leon,0.4706,0.1412,0,0.2353,0,0,0,0,0,0,0.1882,0,BUTTIGIEG
Cedar,0,0,0.0833,0,0,0,0,0,0,0,0,0,KLOBUCHAR
Cedar Orange,0.202,0.404,0,0.404,0,0,0,0,0,0,0.404,0,TIED
Cedar Rapids 01,0.4395,0.8791,0,0.4395,0,0,0,0,0,0,0.4395,0,TIED
Cedar Rapids 02,0.4395,0.8791,0,0.4395,0,0,0,0,0,0,0.4395,0,TIED
Cedar Rapids 03,0.4395,0.4395,0.4395,0,0,0,0,0,0,0,0.8791,0,TIED
Cedar Rapids 04,0.4395,0.4395,0.4395,0.4395,0,0,0,0,0,0,0.4395,0,TIED
Cedar Rapids 05,0.4395,0.8791,0.4395,0,0,0,0,0,0,0,0.8791,0,TIED
Cedar Rapids 06,0.8791,0.8791,0.4395,0,0,0,0,0,0,0,0.4395,0,TIED
Cedar Rapids 07,0.4395,0.4395,0,0.4395,0,0,0,0,0,0,0.4395,0,TIED
Cedar Rapids 08,0.4395,0.8791,0,0.4395,0,0,0,0,0,0,0.4395,0,TIED
Cedar Rapids 09,0.8791,0.8791,0,0,0,0,0,0,0,0,0.4395,0,TIED
Cedar Rapids 10,0.4395,0.8791,0.8791,0.4395,0,0,0,0,0,0,0.4395,0,TIED
Cedar Rapids 11,0.8791,0,0.8791,0.4395,0,0,0,0,0,0,0.4395,0,TIED
Cedar Rapids 12,0.4395,0.8791,0.8791,0.8791,0,0,0,0,0,0,0.4395,0,TIED
Cedar Rapids 13,0.4395,1.3186,0,0,0,0,0,0,0,0,0.8791,0,SANDERS
Cedar Rapids 14,0.8791,0.4395,0,0.4395,0,0,0,0,0,0,0.8791,0,TIED
Cedar Rapids 15,0.4395,0.4395,0.4395,0.4395,0,0,0,0,0,0,0.4395,0,TIED
Cedar Rapids 16,0.8791,0.8791,0,0,0,0,0,0,0,0,0.8791,0,TIED
Cedar Rapids 17,0,1.3186,0.4395,0,0,0,0,0,0,0,0.8791,0,SANDERS
Cedar Rapids 18,0.4395,0.4395,0.4395,0,0,0,0,0,0,0,0.4395,0,TIED
Cedar Rapids 19,0.8791,0.8791,0,0.4395,0,0,0,0,0,0,0.8791,0,TIED
Cedar Rapids 20,0.8791,0.8791,0,0.8791,0,0,0,0,0,0,0.4395,0,TIED
Cedar Rapids 21,0.4395,1.3186,0,0.4395,0,0,0,0,0,0,0.8791,0,TIED
Cedar Rapids 22,0,0.8791,0,0,0,0,0,0,0,0,0.8791,0,TIED
Cedar Rapids 23,0.4395,1.3186,0,0.4395,0,0,0,0,0,0,0.4395,0,TIED
Cedar Rapids 24,0.4395,0.4395,0.8791,0.8791,0,0,0,0,0,0,0.8791,0,TIED
Cedar Rapids 25,0.8791,0.8791,0.8791,0.4395,0,0,0,0,0,0,0.8791,0,TIED
Cedar Rapids 26,0.8791,1.3186,0.8791,0,0,0,0,0,0,0,0.8791,0,TIED
Cedar Rapids 27,0,0.8791,0,0.4395,0,0,0,0,0,0,0.8791,0,TIED
Cedar Rapids 28,0.8791,0.8791,0,0.8791,0,0,0,0,0,0,0.4395,0,TIED
Cedar Rapids 29,0.8791,0.8791,0,0.4395,0,0,0,0,0,0,0.4395,0,TIED
Cedar Rapids 30,0.4395,0.8791,0,0.8791,0,0,0,0,0,0,0.8791,0,TIED
Cedar Rapids 31,0.8791,0.8791,0,0.8791,0,0,0,0,0,0,0.8791,0,TIED
Cedar Rapids 32,0.8791,0.8791,0,0.4395,0,0,0,0,0,0,0.4395,0,TIED
Cedar Rapids 33,0.4395,1.3186,0,0,0,0,0,0,0,0,0.8791,0,SANDERS
Cedar Rapids 34,0.4395,1.3186,0.4395,0,0,0,0,0,0,0,0.4395,0,TIED
Cedar Rapids 35,0.8791,0.8791,0.4395,0,0,0,0,0,0,0,0.4395,0,TIED
Cedar Rapids 36,0.8791,0.8791,0,0.8791,0,0,0,0,0,0,0.8791,0,TIED
Cedar Rapids 37,0.4395,0.8791,0,0.8791,0,0,0,0,0,0,0.8791,0,TIED
Cedar Rapids 38,0.4395,1.3186,0,0,0,0,0,0,0,0,0.4395,0,TIED
Cedar Rapids 39,0.8791,0.8791,0,0.8791,0,0,0,0,0,0,0.8791,0,TIED
Cedar Rapids 40,0.8791,0.4395,0,0.4395,0,0,0,0,0,0,0.4395,0,TIED
Cedar Rapids 41,0.8791,0.8791,0,0.8791,0,0,0,0,0,0,0.4395,0,TIED
Cedar Rapids 42,0.8791,0.8791,0,0,0,0,0,0,0,0,0.4395,0,TIED
Cedar Rapids 43,0.4395,0.4395,0,0.4395,0,0,0,0,0,0,0.4395,0,TIED
Cedar Rapids 44,0,0.4395,0,0,0,0,0,0,0,0,0.4395,0.4395,TIED
Cedar Township,0,0,0.405,0,0,0,0,0,0,0,0,0,KLOBUCHAR
Cedar-Colfax-Dover,0.12,0.24,0.12,0,0,0,0,0,0,0,0,0,TIED
Cedar-Harrison-White Oak,0,0.16,0.16,0.16,0,0,0,0,0,0,0,0.16,TIED
Center,0.6,0.3,0,0.3,0,0,0,0,0,0,0.3,0,TIED
Center Twp,0,0.2214,0,0,0,0,0,0,0,0,0,0,SANDERS
Center Twp,0,0.2214,0,0,0,0,0,0,0,0,0,0,SANDERS
Center Twp,0,0.2214,0,0,0,0,0,0,0,0,0,0,SANDERS
Center-Cedar-Maharishi Vedic City,0.2182,0.8727,0,0,0,0,0,0,0,0,0.6545,0,SANDERS
Center-Logan-TL-GA-L,0.0833,0,0.25,0.0833,0,0,0,0,0,0,0,0,TIED
Centerville Ward 1,0.56,0.24,0,0.24,0,0,0,0,0,0,0,0,TIED
Centerville Ward 2,0.32,0.24,0.16,0.16,0,0,0,0,0,0,0,0,TIED
Centerville Ward 3,0.32,0.24,0,0.24,0,0,0,0,0,0,0,0,TIED
Central,0.12,0,0.12,0.12,0,0,0,0,0,0,0.12,0,TIED
Central Precinct,0.12,0.12,0.12,0.12,0,0,0,0,0,0,0.12,0,TIED
Central Precinct,0.12,0.12,0.12,0.12,0,0,0,0,0,0,0.12,0,TIED
CF W1 P1,0.404,0.606,0.404,0.202,0,0,0,0,0,0,0,0,TIED
CF W1 P2,0.606,1.01,0.606,0,0,0,0,0,0,0,0.808,0,TIED
CF W1 P3,0.808,1.414,0,0,0,0,0,0,0,0,0.808,0,TIED
CF W2 P1,0.202,0.404,0,0,0,0,0,0,0,0,0.202,0,TIED
CF W2 P2 & CF Twp,0.808,1.01,0.606,0,0,0,0,0,0,0,0.404,0,SANDERS
CF W2 P3,1.01,0.606,1.01,0.606,0,0,0,0,0,0,0.606,0,TIED
CF W3 P1,0.606,0.404,0.606,0.404,0,0,0,0,0,0,0,0,TIED
CF W3 P2,0.808,0.606,0.606,0.404,0,0,0,0,0,0,0.404,0,TIED
CF W3 P3,0.404,0.606,0.404,0,0,0,0,0,0,0,0.404,0,TIED
CF W4 P1,0.606,1.01,0.404,0,0,0,0,0,0,0,0.606,0,TIED
CF W4 P2,0.404,0.808,0,0,0,0,0,0,0,0,0.808,0,TIED
CF W4 P3,0.404,0.808,0,0,0,0,0,0,0,0,0.606,0,SANDERS
CF W5 P1,0.606,0.404,0.606,0.404,0,0,0,0,0,0,0.606,0,TIED
CF W5 P2,0.606,0.808,0,0.606,0,0,0,0,0,0,0.606,0,TIED
CF W5 P3,0.606,0.404,0,0.606,0,0,0,0,0,0,0.606,0,TIED
CGLW-Castle Grv/Lov/Wayn,0.32,0.16,0.32,0.48,0,0,0,0,0,0,0,0,TIED
CGWS,0.14,0.14,0.28,0,0,0,0,0,0,0,0.28,0,TIED
Chariton Precinct 1,0.2182,0.3636,0.2182,0.2182,0,0,0,0,0,0,0,0,TIED
Chariton Precinct 2,0.2182,0.2909,0,0.2909,0,0,0,0,0,0,0.1455,0,TIED
Charles City Corp/CC1,0.3333,0.3333,0.3333,0.3333,0,0,0,0,0,0,0.2222,0,TIED
Charles City Corp/CC2,0.4444,0.3333,0.3333,0.5556,0,0,0,0,0,0,0.2222,0,TIED
Charles City Corp/CC3,0.3333,0.3333,0.3333,0.2222,0,0,0,0,0,0,0.4444,0,TIED
Charleston/DSM/Van Buren,0.14,0.14,0,0.28,0,0,0,0,0,0,0.14,0.14,TIED
Charter Oak,0,0,0.15,0.15,0,0,0,0,0,0,0,0,TIED
Chickasaw,0.14,0.07,0,0.07,0,0,0,0,0,0,0,0,TIED
City of Arthur,0.15,0,0.15,0,0,0,0,0,0,0,0,0,TIED
City of Battle Creek & Grant Township,0.3,0.3,0,0,0,0,0,0,0,0,0,0,TIED
City of Denver/Jefferson Twp,0.68,0,0.4533,0.4533,0,0,0,0,0,0,0.4533,0,TIED
City of Frederika-Frederika & Leroy Twp,0.2267,0,0,0,0,0,0,0,0,0,0,0,BUTTIGIEG
City of Galva,0,0.15,0,0,0,0,0,0,0,0,0,0,SANDERS
City of Holstein,0.3,0,0.15,0.45,0,0,0,0,0,0,0,0,BIDEN
City of Janesville/Jackson Twp,0.4533,0,0.2267,0.2267,0,0,0,0,0,0,0.2267,0,TIED
City of New Hampton Ward Four,0.14,0,0.21,0.28,0,0,0,0,0,0,0.07,0,BIDEN
City of New Hampton Ward One,0.21,0,0,0.21,0,0,0,0,0,0,0.21,0,TIED
City of New Hampton Ward Three,0.21,0.07,0.14,0.14,0,0,0,0,0.14,0,0,0,TIED
City of New Hampton Ward Two,0.14,0.14,0,0,0,0,0,0,0.07,0,0.14,0,TIED
City of Plainfield/Polk Twp/Douglas Twp,0.2267,0,0,0.2267,0,0,0,0,0,0.2267,0,0,TIED
City of Readlyn/Maxfield & Franklin Twp,0.2267,0,0.2267,0.2267,0,0,0,0,0,0,0.2267,0,TIED
City of Russell-Cedar & Washington Twps,0.0727,0.0727,0,0.2182,0,0,0,0,0,0,0.0727,0,TIED
City of Sumner/Sumner Twp/Dayton Twp,0.4533,0.2267,0,0.4533,0,0,0,0,0,0,0.2267,0,TIED
City of Tripoli/Fremont,0.2267,0.2267,0,0.4533,0,0,0,0,0,0,0.2267,0,TIED
City of WB/EL/RL/BO/GO/NV,0,0.0833,0.1667,0.25,0,0,0,0,0,0,0.1667,0,TIED
Clarinda Ward 1,0.32,0.16,0.24,0,0,0,0,0,0,0,0,0,BUTTIGIEG
Clarinda Ward 2,0.32,0.48,0.24,0.32,0,0,0,0,0,0,0,0,TIED
Clarion,0.4,0.4,0.4,0,0,0,0,0,0,0,0,0,TIED
Clark/Geneseo,0.3882,0.3882,0,0.2588,0,0,0,0,0,0,0.1294,0,TIED
Clay,0.18,0,0.18,0,0,0,0,0,0,0,0,0,TIED
Clay Precinct 01,0.2798,0,0.2798,0.2798,0,0,0,0,0,0,0,0,TIED
Clay-Monroe,0.05,0.1,0.1,0.15,0,0,0,0,0,0,0.1,0,TIED
Clay-Roland,0.0833,0.0833,0,0.0833,0,0,0,0,0,0,0,0.0833,TIED
Clayton-Garnavillo,0.1667,0.1667,0.1667,0.1667,0,0,0,0,0,0,0,0,TIED
Clear Creek/Poweshiek,0.345,0.23,0.115,0.23,0,0,0,0,0,0,0.115,0,TIED
Clear Creek/Tiffin,0.81,0.81,0,0.81,0,0,0,0,0,0,0.81,0,TIED
Clear Lake-Grant-Union,0.3543,0.1771,0.3543,0.3543,0,0,0,0,0,0,0,0,TIED
Clear Lake-Ward 1,0.5314,0.1771,0.5314,0.1771,0,0,0,0,0,0,0.1771,0,TIED
Clear Lake-Ward 2,0.7086,0.3543,0.5314,0.3543,0,0,0,0,0,0,0,0,TIED
Clear Lake-Ward 3,0.3543,0.5314,0.3543,0.3543,0,0,0,0,0,0,0,0,TIED
Clermont Twp,0.12,0.12,0.12,0.12,0,0,0,0,0,0,0,0,TIED
Clinton,0.4395,0,0,0.4395,0,0,0,0,0,0,0,0,TIED
Clinton,0.4395,0,0,0.4395,0,0,0,0,0,0,0,0,TIED
Clinton 1-1,0.4429,0.4429,0,0.4429,0,0,0,0,0,0,0,0.2214,TIED
Clinton 1-2,0.4429,0.6643,0,0.4429,0,0,0,0,0,0,0.4429,0,TIED
Clinton 2-1,0.4429,0.4429,0.2214,0,0,0,0,0,0,0,0.4429,0,TIED
Clinton 2-2,0.8857,0.6643,0,0.6643,0,0,0,0,0,0,0.4429,0,TIED
Clinton 3-1,0.4429,0.6643,0.6643,0.4429,0,0,0,0,0,0,0,0,TIED
Clinton 3-2,0.6643,0.6643,0,0.8857,0,0,0,0,0,0,0.4429,0,TIED
Clinton 4-1,0.4429,0.4429,0.4429,0.4429,0,0,0,0,0,0,0.4429,0,TIED
Clinton 4-2,0.6643,0.8857,0,0.6643,0,0,0,0,0,0,0,0,TIED
Clive 01,0.5596,0.5596,0,0.2798,0,0,0,0,0,0,0.2798,0,TIED
Clive 02,0.5596,0.5596,0.5596,0.2798,0,0,0,0,0,0,0.5596,0,TIED
Clive 03,0.8394,0.5596,0.5596,0.5596,0,0,0,0,0,0,0.5596,0,TIED
Clive 04,0.8394,0,0.8394,0.5596,0,0,0,0,0,0,0.5596,0,TIED
Clive 5 Precinct,0.8286,0,0,0.4143,0,0,0,0,0,0,0.8286,0,TIED
Clive 6 Precinct,1.2429,0.4143,0,0.4143,0,0,0,0,0,0,0.4143,0,TIED
CN-SL-Gruver,0,0,0,0.1143,0,0,0,0,0,0,0,0,BIDEN
Colfax Ward 1,0.115,0.115,0,0,0,0,0,0,0.115,0,0,0.115,TIED
Colfax Ward 2,0.23,0.115,0,0.115,0,0,0,0,0,0,0.115,0,TIED
Colfax Ward 3,0.23,0.115,0,0,0,0,0,0,0,0,0,0.115,TIED
Colfax-Duncombe,0.1667,0,0,0.1667,0,0,0,0,0,0,0,0,TIED
Colfax/Adel,0.4143,0,0,0,0,0,0,0,0,0,0.4143,0,TIED
College,0.4395,0,0,0,0,0,0,0,0,0,0,0,BUTTIGIEG
Collins Twp-Collins,0.415,0,0,0,0,0,0,0,0,0,0,0,BUTTIGIEG
Colony,0.075,0,0,0.225,0,0,0,0,0,0,0.075,0,TIED
Columbia/Eddyville,0.18,0.09,0,0.18,0,0,0,0,0,0,0,0,TIED
Columbia/Tama,0.6471,0.7765,0,0.6471,0,0,0,0,0,0,0,0,TIED
Columbus Junction,0.3,0.4,0,0,0,0,0,0,0,0,0.2,0,SANDERS
Competine Twp,0,0,0,0.09,0,0,0,0,0,0,0,0,BIDEN
Concord/Sherman/Grant/Tipton,0.216,0.216,0.216,0.288,0,0,0,0,0,0,0.216,0,TIED
Cooper,0.0833,0.0833,0,0,0,0,0,0,0,0,0,0,TIED
Cooper Maple Mapleton,0.15,0.1,0,0.4,0,0,0,0,0,0,0.1,0,TIED
Coralville 01,0.81,1.62,0,0,0,0,0,0,0,0,1.215,0,SANDERS
Coralville 02,0.81,0.81,0.81,0,0,0,0,0,0,0,0.81,0,TIED
Coralville 03,0.405,0.405,0.405,0.405,0,0,0,0,0,0,0.405,0,TIED
Coralville 04,0.81,1.215,0,0,0,0,0,0,0,0,0.81,0,TIED
Coralville 05,0.81,1.215,0,0,0,0,0,0,0,0,0.81,0,TIED
Coralville 06,0.81,0.81,0.81,0.81,0,0,0,0,0,0,0.81,0,TIED
Coralville 07,0.81,0.81,0.81,0,0,0,0,0,0,0,1.215,0,TIED
Council Bluffs 01,0,0.36,0,0.24,0,0,0,0,0,0,0.24,0.24,TIED
Council Bluffs 02,0.24,0.6,0.24,0,0,0,0,0,0,0,0.36,0,TIED
Council Bluffs 03,0.24,0.48,0,0,0,0,0,0,0,0,0.24,0.24,TIED
Council Bluffs 04,0.36,0.24,0,0.36,0,0,0,0,0,0,0.24,0,TIED
Council Bluffs 05,0.12,0.6,0,0.24,0,0,0,0,0,0,0,0.24,TIED
Council Bluffs 06,0.48,0.72,0.24,0,0,0,0,0,0,0,0.36,0,SANDERS
Council Bluffs 07,0.36,0.6,0.48,0,0,0,0,0,0,0,0.36,0,TIED
Council Bluffs 08,0.48,0.6,0.48,0,0,0,0,0,0,0,0.6,0,TIED
Council Bluffs 09,0.24,0.24,0.48,0.36,0,0,0,0,0,0,0.24,0,TIED
Council Bluffs 10A,0.6,0.36,0.48,0.48,0,0,0,0,0,0,0.48,0,TIED
Council Bluffs 10B,0.6,0,0.36,0.48,0,0,0,0,0,0,0.36,0,TIED
Council Bluffs 11,0.6,0.6,0,0,0,0,0,0,0,0,0.48,0.36,TIED
Council Bluffs 12,0.36,0.48,0,0.36,0,0,0,0,0,0,0.48,0,TIED
Council Bluffs 13,0.24,0.36,0,0.24,0,0,0,0,0,0,0.24,0.12,TIED
Council Bluffs 14,0.36,0.6,0,0,0,0,0,0,0,0,0.24,0,SANDERS
Council Bluffs 15,0.12,0.48,0,0.24,0,0,0,0,0,0,0.24,0.24,TIED
Council Bluffs 16,0.24,0.48,0,0.24,0,0,0,0,0,0,0.36,0,TIED
Council Bluffs 17,0.36,0.72,0,0.36,0,0,0,0,0,0,0.36,0,TIED
Council Bluffs 18,0.6,0.48,0,0,0,0,0,0,0,0,0.36,0,BUTTIGIEG
Council Bluffs 19,0.48,0.36,0.24,0,0,0,0,0,0,0,0,0,BUTTIGIEG
Council Bluffs 20,0.36,0.24,0,0,0,0,0,0,0,0,0.24,0.24,TIED
Council Bluffs 21,0.12,0.24,0,0.12,0,0,0,0,0,0,0.36,0.12,TIED
Cox Creek-Sperry,0.1667,0,0.1667,0,0,0,0,0,0,0,0.1667,0,TIED
CR 1,0.0889,0,0,0,0,0,0,0,0,0,0,0,BUTTIGIEG
CR 2,0.0889,0,0,0.0889,0,0,0,0,0,0,0,0,TIED
CR-IV-RV,0.1778,0,0.0889,0.2667,0,0,0,0,0,0,0,0,BIDEN
Crescent,0.36,0.36,0.36,0.48,0,0,0,0,0,0,0,0,TIED
Cresco 1A,0.1429,0,0.1429,0,0,0,0,0,0,0,0,0,TIED
Cresco 2,0.1429,0.2857,0,0.2857,0,0,0,0,0,0,0.1429,0,TIED
Cresco 3,0.2857,0.1429,0.1429,0,0,0,0,0,0,0,0,0.1429,TIED
Creston 1,0.225,0.225,0,0,0,0,0,0,0,0,0.15,0.15,TIED
Creston 2 - SWCC,0.3,0.45,0.3,0,0,0,0,0,0,0,0.3,0,TIED
Creston 3,0.15,0.3,0.15,0.225,0,0,0,0,0,0,0.15,0,TIED
Creston 4 - Supertel,0.3,0.3,0.225,0,0,0,0,0,0,0,0,0,TIED
Creston 5,0.375,0.15,0,0.3,0,0,0,0,0,0,0.15,0,TIED
Crocker 01,0.2798,0,0.5596,0.2798,0,0,0,0,0,0,0.5596,0,TIED
Crocker 02,0.2798,0.2798,0.2798,0,0,0,0,0,0,0,0.2798,0,TIED
CTHSE Monroe Precinct 5,0.1846,0.1846,0.2769,0,0,0,0,0,0,0,0.1385,0,TIED
Cumming/WDM,0.2333,0,0,0,0,0,0,0,0,0,0.2333,0,TIED
Cx-Gr-Linc-Mort-Tarkio-Wash-Blan-Coin-Nboro,0.16,0,0.08,0.16,0,0,0,0,0,0,0.16,0,TIED
Dahlongea Twp,0.09,0,0,0.09,0,0,0,0,0,0,0.09,0,TIED
Dakota City-Grove,0.1778,0.0889,0,0.1778,0,0,0,0,0,0,0,0,TIED
Dallas,0.72,0.18,0,0.18,0,0,0,0,0,0,0,0,TIED
Danville/Hanlontown,0.0667,0,0.2,0,0,0,0,0,0,0,0.0667,0,TIED
Dayton-Burnside,0.25,0,0.1667,0.1667,0,0,0,0,0,0,0.1667,0,TIED
Dayton-Richland,0.14,0,0,0.07,0,0,0,0,0,0.07,0,0,TIED
Dayton/English I,0,0,0.1,0.1,0,0,0,0,0,0,0.1,0,TIED
Dayton/Fairfield,0.3429,0.1714,0.1714,0,0,0,0,0,0,0,0,0,TIED
DCAB,0.15,0.15,0.15,0.15,0,0,0,0,0,0,0,0,TIED
De Soto,0.4143,0,0,0,0,0,0,0,0,0,0,0,BUTTIGIEG
DE/Decatur City,0.0471,0.0471,0.0471,0,0,0,0,0,0,0,0.0471,0,TIED
Deep Creek Goose Lake,0.2214,0,0,0.2214,0,0,0,0,0,0,0,0,TIED
Deer Creek-Jackson,0.0833,0.0833,0,0.0833,0,0,0,0,0,0,0.0833,0,TIED
Deer Creek/Grove/Hartland/Northwood,0,0.3333,0.4,0.2,0,0,0,0,0,0,0.3333,0.3333,TIED
Deer Creek/White Cloud,0,0,0.1556,0,0,0,0,0,0,0,0,0,KLOBUCHAR
Deerfield-Washington 2,0.14,0,0.07,0.07,0,0,0,0,0.14,0,0,0,TIED
Delana-Wacousta-North Rutland,0,0.0889,0.0889,0.0889,0,0,0,0,0,0,0,0,TIED
Delaware,0.15,0,0.15,0.15,0,0,0,0,0,0,0,0,TIED
Delaware 01,0.2798,0.5596,0,0.2798,0,0,0,0,0,0,0,0.2798,TIED
Delaware 02,0,0.2798,0,0,0,0,0,0,0,0,0.2798,0,TIED
Delhi/Delaware Corp,0,0,0.225,0.3,0,0,0,0,0,0,0,0,BIDEN
Denison Ward 1,0.15,0.3,0,0.3,0,0,0,0,0,0,0,0.15,TIED
Denison Ward 2-Denison Twp,0.3,0.45,0,0.3,0,0,0,0,0,0,0.15,0,TIED
Denison Ward 3-Goodrich Twp,0.15,0.45,0,0.6,0,0,0,0,0,0,0,0,BIDEN
Des Moines,0,171,2,2,0,0,0,0,1,0,2,0,TIED
Des Moines 01,0.2798,0.2798,0,0.2798,0,0,0,0,0,0,0.2798,0,TIED
Des Moines 02,0,0.8394,0.2798,0.5596,0,0,0,0,0,0,0.2798,0,TIED
Des Moines 03,0.5596,0.8394,0,0.5596,0,0,0,0,0,0,0.5596,0,TIED
Des Moines 04,0.5596,0.5596,0,0.2798,0,0,0,0,0,0,0.2798,0,TIED
Des Moines 05,0.2798,0.2798,0.2798,0,0,0,0,0,0,0,0.2798,0,TIED
Des Moines 06,0.2798,0.8394,0,0,0,0,0,0,0,0,0.2798,0,TIED
Des Moines 07,0.8394,1.1192,0,0,0,0,0,0,0,0,0.5596,0,SANDERS
Des Moines 08,0.2798,0.5596,0.2798,0,0,0,0,0,0,0,0.5596,0,TIED
Des Moines 09,0.5596,0.8394,0.5596,0,0,0,0,0,0,0,0.5596,0,TIED
Des Moines 10,0.5596,0.5596,0.5596,0.5596,0,0,0,0,0,0,0.5596,0,TIED
Des Moines 11,1.1192,0.8394,0,0.5596,0,0,0,0,0,0,0.5596,0,TIED
Des Moines 12,0.2798,0.5596,0.2798,0.2798,0,0,0,0,0,0,0,0,TIED
Des Moines 13,0.5596,0.5596,0,0.2798,0,0,0,0,0,0,0.2798,0,TIED
Des Moines 14,0.5596,0.2798,0,0.2798,0,0,0,0,0,0,0.5596,0,TIED
Des Moines 15,1.1192,1.1192,0.8394,0,0,0,0,0,0,0,1.399,0,TIED
Des Moines 16,1.1192,1.1192,1.1192,0,0,0,0,0,0,0,0.8394,0,TIED
Des Moines 17,0,0.5596,0,0.5596,0,0,0,0,0,0,0.5596,0,TIED
Des Moines 18,0,0.5596,0.2798,0.2798,0,0,0,0,0,0,0.2798,0,TIED
Des Moines 19,0.2798,0.5596,0,0,0,0,0,0,0,0,0.2798,0,TIED
Des Moines 20,0,1.1192,0,0.5596,0,0,0,0,0,0,0.5596,0,TIED
Des Moines 21,0.5596,0.8394,0,0.5596,0,0,0,0,0,0,0.5596,0,TIED
Des Moines 22,0.5596,0.8394,0,0.2798,0,0,0,0,0,0,0.5596,0,TIED
Des Moines 23,0,1.399,0,0.5596,0,0,0,0,0,0,0,0,SANDERS
Des Moines 24,0.2798,0.2798,0.2798,0.2798,0,0,0,0,0,0,0,0,TIED
Des Moines 25,0.2798,0.5596,0,0.2798,0,0,0,0,0,0,0.5596,0,TIED
Des Moines 26,0.2798,0.8394,0,0.5596,0,0,0,0,0,0,0.5596,0,TIED
Des Moines 27,0.2798,0.2798,0.2798,0.2798,0,0,0,0,0,0,0.2798,0,TIED
Des Moines 28,0.2798,1.1192,0,0.8394,0,0,0,0,0,0,0.5596,0,SANDERS
Des Moines 29,0.5596,0.2798,0,0.5596,0,0,0,0,0,0,0.5596,0,TIED
Des Moines 30,0.2798,0.8394,0,0.2798,0,0,0,0,0,0,0.2798,0,TIED
Des Moines 31,0.2798,0.8394,0,0.5596,0,0,0,0,0,0,0.2798,0,TIED
Des Moines 32,0.5596,1.399,0,0,0,0,0,0,0,0,0,0,SANDERS
Des Moines 33,0.2798,0.8394,0,0.5596,0,0,0,0,0,0,0,0,SANDERS
Des Moines 34,0,0.2798,0.2798,0.2798,0,0,0,0,0,0,0,0,TIED
Des Moines 35,0,0.5596,0,0,0,0,0,0,0,0.2798,0.2798,0,TIED
Des Moines 36,0,1.399,0,0.5596,0,0,0,0,0,0,0.2798,0,SANDERS
Des Moines 37,0.2798,1.1192,0,0,0,0,0,0,0,0,0.5596,0,SANDERS
Des Moines 38,0.5596,0.2798,0,0,0,0,0.2798,0,0,0,0.5596,0,TIED
Des Moines 39,0.8394,1.399,0.8394,0,0,0,0,0,0,0,1.1192,0,TIED
Des Moines 40,0.2798,0.8394,0,0,0,0,0,0,0,0,0.8394,0,TIED
Des Moines 41,1.1192,1.1192,0.8394,0,0,0,0,0,0,0,1.6788,0,TIED
Des Moines 42,1.1192,1.399,0,0,0,0,0,0,0,0,1.1192,0,TIED
Des Moines 43,0.5596,0.5596,0.5596,0.5596,0,0,0,0,0,0,0.8394,0,TIED
Des Moines 44,0.8394,1.399,0,0,0,0,0,0,0,0,1.1192,0,SANDERS
Des Moines 45,0.2798,0.5596,0,0,0,0,0,0,0,0,0.8394,0,WARREN
Des Moines 46,0.2798,0.8394,0,0,0,0,0,0,0,0,0.5596,0,SANDERS
Des Moines 47,0.5596,0.8394,0,0,0,0,0,0,0,0,0.8394,0,TIED
Des Moines 48,0,0.2798,0,0,0,0,0,0,0,0,0.2798,0,TIED
Des Moines 49,0,0.2798,0,0.2798,0,0,0,0,0,0,0.2798,0,TIED
Des Moines 50,0.5596,0.8394,0,0.5596,0,0,0,0,0,0,0.2798,0,TIED
Des Moines 51,0.2798,0.8394,0,0.2798,0,0,0,0,0,0,0,0,TIED
Des Moines 52,0,0.5596,0,0,0,0,0,0,0,0.5596,0.2798,0,TIED
Des Moines 53,0.2798,0.2798,0,0.2798,0,0,0,0,0,0,0.2798,0,TIED
Des Moines 54,0.2798,0.5596,0,0,0,0,0,0,0,0,0.2798,0,TIED
Des Moines 55,1.399,1.399,0,0,0,0,0,0,0,0,1.1192,0,TIED
Des Moines 56,0.8394,1.399,0,0,0,0,0,0,0,0,1.399,0,TIED
Des Moines 57,0.5596,0.8394,0,0,0,0,0,0,0,0,0.8394,0,TIED
Des Moines 58,0.5596,1.399,0,0,0,0,0,0,0,0,1.1192,0,SANDERS
Des Moines 59,1.1192,1.1192,0,0,0,0,0,0,0,0,0.8394,0,TIED
Des Moines 60,0.8394,0.5596,0.5596,0,0,0,0,0,0,0,0.8394,0,TIED
Des Moines 61,0.8394,0,0.8394,0.5596,0,0,0,0,0,0,0.5596,0,TIED
Des Moines 62,1.1192,0.8394,0.8394,0.8394,0,0,0,0,0,0,1.399,0,TIED
Des Moines 63,0.8394,0.5596,0.5596,0.5596,0,0,0,0,0,0,0.5596,0,TIED
Des Moines 64,0.5596,0.5596,0,0.5596,0,0,0,0,0,0,0.5596,0,TIED
Des Moines 65,0.8394,0.8394,0,0.5596,0,0,0,0,0,0,0.8394,0,TIED
Des Moines 66,1.1192,0.8394,0,0.5596,0,0,0,0,0,0,0.8394,0,TIED
Des Moines 67,0.2798,0.2798,0,0,0,0,0,0,0,0,0,0,TIED
Des Moines 68,0.2798,0.8394,0,0,0,0,0,0,0,0,0.2798,0,TIED
Des Moines 69,0.5596,1.1192,0,0.5596,0,0,0,0,0,0,0,0,TIED
Des Moines 70,0,0.8394,0,0.2798,0,0,0,0,0,0,0.5596,0,SANDERS
Des Moines 71,0.8394,0.8394,0,0.5596,0,0,0,0,0,0,0.2798,0,TIED
Des Moines 72,0,0,0,0.2798,0,0,0,0,0,0,0,0,BIDEN
Des Moines 73,0.8394,1.1192,0,0,0,0,0,0,0,0,0.5596,0,SANDERS
Des Moines 74,0.2798,0.2798,0.2798,0.2798,0,0,0,0,0,0,0,0,TIED
Des Moines 75,0.2798,0.8394,0,0.5596,0,0,0,0,0,0,0.2798,0,TIED
Des Moines 76,0.2798,1.1192,0,0.2798,0,0,0,0,0,0,0.2798,0,TIED
Des Moines 77,0.2798,0.8394,0,0.2798,0,0,0,0,0,0,0.2798,0,TIED
Des Moines 78,0.5596,0.8394,0,0.2798,0,0,0,0,0,0,0.2798,0,TIED
Des Moines 79,0.5596,1.1192,0,0.2798,0,0,0,0,0,0,0.2798,0,TIED
Des Moines 80,1.1192,1.1192,0,0.5596,0,0,0,0,0,0,0,0,TIED
Des Moines 81,0.5596,0.8394,0,0.5596,0,0,0,0,0,0,0,0,TIED
Des Moines 82,0,0.5596,0.5596,0.5596,0,0,0,0,0,0,0,0,TIED
Des Moines 83,0.5596,1.1192,0,0.5596,0,0,0,0,0,0,0,0,TIED
Des Moines 84,0.2798,0.5596,0.2798,0,0,0,0,0,0,0,0.2798,0,TIED
Des Moines-Liberty-Libertyville,0.2182,0,0,0,0,0,0,0,0,0,0,0,BUTTIGIEG
DeWitt 1,0.6643,0.4429,0.2214,0.2214,0,0,0,0,0,0,0.2214,0,TIED
DeWitt 2,0.6643,0.4429,0.4429,0.6643,0,0,0,0,0,0,0,0,TIED
DeWitt Twp,0.2214,0,0.2214,0.2214,0,0,0,0,0,0,0.2214,0,TIED
DM-JC-Ringsted,0,0,0.1143,0.1143,0,0,0,0,0,0,0,0,TIED
Douds,0.1,0,0,0,0,0,0,0,0,0,0.2,0,WARREN
Douglas,0.25,0.0833,0,0.3333,0,0,0,0,0,0,0,0,BIDEN
Douglas 01,0.2798,0,0.2798,0,0,0,0,0,0,0,0.2798,0,TIED
Douglas-Greeley-Jefferson-Polk,0.1,0.1,0.05,0,0,0,0,0,0,0,0.1,0,TIED
Douglas-Peterson,0.0941,0.0941,0,0.0941,0,0,0,0,0,0,0,0,TIED
Dover Twp,0,0,0,0,0,0,0,0,0.12,0,0.12,0,TIED
Dows,0,0.1333,0,0.1333,0,0,0,0,0,0,0.1333,0,TIED
Dresden-Fredericksburg,0.28,0,0.21,0.14,0,0,0,0,0,0,0.21,0,TIED
DRL,0,0.14,0.14,0,0,0,0,0,0,0,0,0,TIED
DSM-Cummins-Pow-N Garf-N Sherm-N Roose,0.12,0,0.12,0.18,0,0,0,0,0,0,0.12,0,TIED
Dubuque_01,0.8,0,0.5333,0.8,0,0,0,0,0,0,0.5333,0,TIED
Dubuque_02,1.0667,0,0.5333,0.8,0,0,0,0,0,0,0.8,0,TIED
Dubuque_03,0.5333,0.8,0,0.5333,0,0,0,0,0,0,0,0,TIED
Dubuque_04,0.8,0.8,0,1.0667,0,0,0,0,0,0,0.5333,0,TIED
Dubuque_05,1.0667,0.5333,0,0.8,0,0,0,0,0,0,0.5333,0,TIED
Dubuque_06,0.5333,0.5333,0.2667,0.5333,0,0,0,0,0,0,0.5333,0,TIED
Dubuque_07,1.0667,0.8,0,0.8,0,0,0,0,0,0,0.5333,0,TIED
Dubuque_08,0.5333,0.5333,0.2667,0.5333,0,0,0,0,0,0,0,0,TIED
Dubuque_09,0.5333,0.8,0,0.2667,0,0,0,0,0,0,0.5333,0,TIED
Dubuque_10,0.8,1.0667,0,0.5333,0,0,0,0,0,0,0.5333,0,TIED
Dubuque_11,0.5333,0.8,0,0.5333,0,0,0,0,0,0,0.2667,0,TIED
Dubuque_12,0.5333,0.5333,0,1.0667,0,0,0,0,0,0,0.5333,0,TIED
Dubuque_13,0.8,0.5333,0,0,0,0,0,0,0,0,0.5333,0,TIED
Dubuque_14,0.5333,0.8,0,0,0,0,0,0,0,0,0.2667,0,SANDERS
Dubuque_15,0.5333,1.0667,0,0.5333,0,0,0,0,0,0,0,0,TIED
Dubuque_16,0,0.5333,0,0,0,0,0,0,0,0,0.5333,0.2667,TIED
Dubuque_17,0.2667,0.5333,0.2667,0,0,0,0,0,0,0,0.2667,0,TIED
Dubuque_18,0.5333,0.5333,0,0.2667,0,0,0,0,0,0,0.5333,0,TIED
Dubuque_19,0.5333,0.8,0,0.5333,0,0,0,0,0,0,0.8,0,TIED
Dubuque_20,0.5333,0.8,0.5333,0.5333,0,0,0,0,0,0,0.5333,0,TIED
Dubuque_31,1.0667,0,0.5333,0.8,0,0,0,0,0,0,0.8,0,TIED
Dubuque_32,1.0667,0.5333,0.5333,0.5333,0,0,0,0,0,0,0,0,TIED
Dubuque_33,0.8,0,0,0.5333,0,0,0,0,0,0,0.5333,0,TIED
Dubuque_34,1.3333,0,0.5333,0.8,0,0,0,0,0,0,0,0,BUTTIGIEG
Dubuque_35,0.2667,0.2667,0.5333,0,0,0,0,0,0,0,0,0,TIED
Dubuque_36,0.8,0.5333,0.2667,0.2667,0,0,0,0,0,0,0,0,TIED
Dubuque_37,0.2667,0.2667,0,0.2667,0,0,0,0,0,0,0,0,TIED
Dubuque_38,0.2667,0.2667,0.2667,0,0,0,0,0,0,0,0,0,TIED
Dubuque_39,0.2667,0.2667,0.2667,0.5333,0,0,0,0,0,0,0,0,TIED
Dubuque_40,0.2667,0,0.2667,0.5333,0,0,0,0,0,0,0,0,TIED
Dubuque_41,0.8,0.2667,0.2667,0.5333,0,0,0,0,0,0,0,0,TIED
Dubuque_42,0.5333,0.2667,0.2667,0.5333,0,0,0,0,0,0,0.2667,0,TIED
Dubuque_43,0.8,0.5333,0,0.5333,0,0,0,0,0,0,0.5333,0,TIED
Dubuque_44,0,0.2667,0,0,0,0,0,0,0,0,0,0,SANDERS
Dubuque_45,0.5333,0.5333,0,0.5333,0,0,0,0,0,0,0,0,TIED
E&W Des Moines-Jefferson,0.16,0,0.16,0,0,0,0,0,0,0,0,0,TIED
Eagle,0,0,0.202,0,0,0,0,0,0,0,0,0,KLOBUCHAR
Eagle Grove #1,0.1333,0,0,0.1333,0,0,0,0,0,0,0,0,TIED
Eagle Grove #2,0.2667,0,0,0,0.1333,0,0,0,0,0,0,0,BUTTIGIEG
Eagle Grove #3,0.1333,0.1333,0,0.1333,0,0,0,0,0,0,0,0,TIED
Eagle Grove #4,0.1333,0.1333,0.1333,0,0,0,0,0,0,0,0,0,TIED
Early,0.1333,0.0667,0.0667,0,0,0,0,0,0,0,0.0667,0,TIED
East Precinct,0.36,0.36,0,0.12,0,0,0,0,0,0,0,0,TIED
East/West Lancaster,0.1143,0,0,0,0,0,0,0,0,0,0,0,BUTTIGIEG
Eden,0.11,0,0,0.11,0,0,0,0,0,0,0,0,TIED
Eden Camanche Twp,0,0,0.2214,0,0,0,0,0,0,0,0,0,KLOBUCHAR
Eden Logan Norway,0.15,0.15,0,0,0,0,0,0,0,0,0,0,TIED
Eden Twp,0,0.12,0,0.12,0,0,0,0,0,0,0,0,TIED
Eden-Harrison-Taylor,0.225,0.15,0.15,0.15,0,0,0,0,0,0,0.075,0,TIED
Eden/Logan,0.64,0.16,0.32,0,0,0,0,0,0,0,0,0,BUTTIGIEG
Edna-Victoria Twp,0.12,0,0,0,0,0,0,0,0,0,0,0,BUTTIGIEG
EG-GT-HS-SW,0.2667,0,0.0889,0.0889,0,0,0,0,0,0,0,0,TIED
EL-LN-Dolliver,0.1143,0,0,0,0,0,0,0,0,0,0,0,BUTTIGIEG
Eldora City,0.288,0.216,0.216,0.216,0,0,0,0,0,0,0.288,0,TIED
Eldora/Pleasant/Provid/Union,0.504,0,0.36,0,0,0,0,0,0,0,0,0,BUTTIGIEG
Eldorado-Newhall,0.15,0.225,0,0.3,0,0,0,0,0,0,0.075,0,BIDEN
Elk Creek/Lynngrove,0.115,0,0.115,0.115,0,0,0,0,0,0,0.115,0,TIED
Elk River Hampshire Andover,0.2214,0.2214,0.2214,0.2214,0,0,0,0,0,0,0,0,TIED
Elk Run Heights & Raymond,0.404,0.404,0.404,0,0,0,0,0,0,0,0.202,0,TIED
Elk-Mallory-Volga,0,0.1667,0.1667,0.1667,0,0,0,0,0,0,0,0,TIED
Elkhart 01,0.2798,0,0.2798,0.2798,0,0,0,0,0,0,0.2798,0,TIED
Elkhorn,0.1667,0,0,0.1667,0,0,0,0,0,0,0.0833,0,TIED
EM Ward 3/Ayrshire/pt. HL&WL&EM,0.3333,0.25,0.25,0.25,0,0,0,0,0,0,0,0,TIED
EM Ward 4/FV/FR/VN/pt. EM,0.3333,0.25,0,0.25,0,0,0,0,0,0,0.1667,0,TIED
Emerson/Hastings/Indian Creek,0,0,0.1556,0,0,0,0,0,0,0,0.1556,0,TIED
Emmet-Estherville,0,0,0.1143,0,0,0,0,0,0.1143,0,0,0,TIED
Emmetsburg Ward 1,0.0833,0.1667,0,0.4167,0,0,0,0,0,0,0,0,BIDEN
Emmetsburg Ward 2,0.25,0,0.1667,0.25,0,0,0,0,0,0,0,0,TIED
English II,0.2,0,0.1,0.2,0,0,0,0,0,0,0.1,0,TIED
English River/Liberty,0.1143,0.2286,0,0.1143,0,0,0,0,0,0,0,0,TIED
Estherville Ward 1,0.1143,0.1143,0.1143,0.1143,0,0,0,0,0.1143,0,0,0,TIED
Estherville Ward 2,0.2286,0,0,0.2286,0,0,0,0,0,0,0.1143,0,TIED
Estherville Ward 3,0.2286,0.3429,0,0,0,0,0,0,0,0,0.1143,0,SANDERS
Estherville Ward 4,0.1143,0.1143,0.1143,0,0,0,0,0,0,0,0.1143,0,TIED
Estherville Ward 5,0.1143,0.1143,0,0,0,0,0,0,0,0,0.1143,0,TIED
Etna/Clay,0.288,0.216,0.216,0.288,0,0,0,0,0,0,0.216,0,TIED
Evansdale W1,0,0.606,0,0.202,0,0,0,0,0,0,0,0,SANDERS
Evansdale W2,0.404,0.202,0,0,0,0,0,0,0,0,0,0,BUTTIGIEG
Evansdale W3,0.404,0,0.202,0.202,0,0,0,0,0,0,0,0,TIED
Evansdale W4,0.202,0.202,0,0.202,0,0,0,0,0,0,0.202,0,TIED
Ewoldt,0.22,0,0.22,0.11,0,0,0,0,0,0,0.33,0,TIED
Fairbank,0.1368,0.1368,0,0.2737,0,0,0,0,0,0,0.1368,0,TIED
Fairbank Inc,0.12,0,0,0.24,0,0,0,0,0,0,0,0,BIDEN
Fairfax City,0.8791,0.4395,0.4395,0,0,0,0,0,0,0,0.4395,0,TIED
Fairfax Township,0.4395,0,0.4395,0.4395,0,0,0,0,0,0,0,0,TIED
Fairfield 1st Ward,0,0.8727,0,0.4364,0,0,0,0,0,0,0.6545,0,SANDERS
Fairfield 2nd Ward,0,1.3091,0.4364,0,0,0,0,0,0,0,0.6545,0,SANDERS
Fairfield 3rd Ward,0,0.6545,0,0,0,0,0,0,0,0,0.2182,0,SANDERS
Fairfield 4th Ward,0.4364,0.8727,0,0,0,0,0,0,0,0,0.4364,0,TIED
Fairfield 5th Ward,0.4364,0.6545,0,0,0,0,0,0,0,0,0.4364,0,TIED
Fairfield-Putnam Twp,0.12,0,0.12,0.12,0,0,0,0,0.12,0,0,0,TIED
Fairview,0.345,0.345,0.345,0.46,0,0,0,0,0,0,0,0,TIED
Fairview Grant Lake Rodney West Fork Whiting,0.15,0,0,0.15,0,0,0,0,0.1,0,0.15,0,TIED
Fairview-Shelby,0.15,0.15,0.2,0,0,0,0,0,0,0,0,0,TIED
Falls-Plymouth Pct,0.1771,0.1771,0,0,0,0,0,0,0,0,0,0,TIED
Falls-Rock Falls Pct,0,0,0.1771,0,0,0,0,0,0,0,0,0,KLOBUCHAR
Farmersburg-Wagner,0.1667,0.1667,0,0.1667,0,0,0,0,0,0,0,0,TIED
Farmington,0.1,0.1,0,0.2,0,0,0,0,0,0,0,0,TIED
Farmington/Sugar Creek,0.6857,0,0.3429,0,0,0,0,0,0,0,0.3429,0,TIED
Farragut,0.225,0.075,0.15,0.15,0,0,0,0,0,0,0,0,TIED
Fayette,0.4395,0,0,0,0,0,0,0,0,0,0.4395,0,TIED
Fertile,0.1333,0,0.0667,0,0,0,0,0,0,0,0.0667,0.0667,TIED
Fillmore/Greene,0.2,0.3,0.1,0,0,0,0,0,0,0,0.2,0,TIED
Florence-St Clair-Norway,0.15,0.3,0,0.45,0,0,0,0,0,0,0,0,BIDEN
Floyd-Cedar-Niles,0.2222,0.2222,0.3333,0,0,0,0,0,0,0,0.1111,0,TIED
Floyd/Lynn,0,0,0.0875,0.0875,0,0,0,0,0,0,0.0875,0,TIED
Forest City Ward 1,0.15,0,0.15,0,0,0,0,0,0,0,0.3,0.15,TIED
Forest City Ward 2,0,0.15,0.15,0,0,0,0,0,0,0,0.15,0.15,TIED
Forest City Ward 3,0,0.15,0,0.15,0,0,0,0,0,0,0.15,0,TIED
Forest City Ward 4,0.15,0,0,0.15,0,0,0,0,0,0,0.15,0,TIED
Fort Dodge 01,0.75,0.3333,0.25,0.25,0,0,0,0,0,0,0,0,TIED
Fort Dodge 02,0.75,0.25,0,0.3333,0,0,0,0,0,0,0,0,BUTTIGIEG
Fort Dodge 03,0.4167,0.1667,0,0.25,0,0,0,0,0,0,0.25,0,TIED
Fort Dodge 04,0.3333,0.5,0,0.3333,0,0,0,0,0,0,0,0,TIED
Fort Dodge 05,0.3333,0.25,0,0,0,0,0,0,0,0,0.1667,0,BUTTIGIEG
Fort Dodge 06,0.0833,0.0833,0,0.0833,0,0,0,0,0.1667,0,0.0833,0,TIED
Fort Dodge 07,0.5,0.4167,0,0.25,0,0,0,0,0,0,0,0,BUTTIGIEG
Fort Dodge 08,0.25,0.4167,0.1667,0.25,0,0,0,0,0,0,0,0,TIED
Fort Dodge 09,0.4167,0.3333,0,0.25,0,0,0,0,0,0,0.0833,0,BUTTIGIEG
Fort Dodge 10,0.6667,0.25,0,0.3333,0,0,0,0,0,0,0,0,BUTTIGIEG
Fort Dodge 11,0.75,0,0,0.5,0,0,0,0,0,0,0.25,0,BUTTIGIEG
Fort Dodge 12,0.4167,0.25,0.25,0,0,0,0,0,0,0,0.25,0,TIED
Fort Madison 1,0.28,0.28,0,0.14,0,0,0,0,0,0,0,0,TIED
Fort Madison 2,0.56,0.14,0,0.28,0,0,0,0,0,0,0.28,0,TIED
Fort Madison 3,0.42,0.28,0,0.56,0,0,0,0,0,0,0.28,0,TIED
Fort Madison 4,0.42,0.28,0,0.42,0,0,0,0,0,0,0.14,0.28,TIED
Fort Madison 5,0.7,0.56,0,0.42,0,0,0,0,0,0,0,0,BUTTIGIEG
Four Mile 01,0.5596,0.2798,0.2798,0.2798,0,0,0,0,0,0,0.2798,0,TIED
FR/LC/Van Wert/Weldon,0.1412,0.1882,0,0.0941,0,0,0,0,0,0,0,0,SANDERS
Franklin,0,0.0727,0.0727,0,0,0,0,0,0.0727,0,0,0.0727,TIED
Franklin,0,0.0727,0.0727,0,0,0,0,0,0.0727,0,0,0.0727,TIED
Franklin 01,0.2798,0,0.2798,0.2798,0,0,0,0,0,0,0.2798,0,TIED
Franklin Twp-Gilbert,0.83,0.415,0.83,0.415,0,0,0,0,0,0,0.415,0,TIED
Franklin/Cedar/Marion,0.56,0,0.28,0.56,0,0,0,0,0,0,0,0,TIED
Fremont-Adkins,0.525,0.525,0,0.6,0,0,0,0,0,0,0,0,TIED
Fremont-Lincoln,0.405,0.405,0.405,0,0,0,0,0,0,0,0.405,0,TIED
Fremont/Red Oak,0,0.1714,0,0.1714,0,0,0,0,0,0,0.1714,0,TIED
Fruitland One,0,0.3333,0,0.3333,0,0,0,0,0,0,0,0,TIED
Fruitland Two/Lake,0.1667,0,0.1667,0,0,0,0,0,0,0,0.1667,0,TIED
Fulton,0.0833,0,0,0.0833,0,0,0,0,0,0,0,0,TIED
Fulton/Montpelier,0.1667,0.1667,0,0.3333,0,0,0,0,0,0,0.1667,0,TIED
FV-Fairview,0.48,0,0.32,0.16,0,0,0,0,0,0,0.32,0,TIED
Garfield-Herdland,0,0,0.0941,0.0941,0,0,0,0,0,0,0,0,TIED
Garfield-Lincoln-Madison,0.16,0.16,0,0.16,0,0,0,0,0,0,0,0,TIED
Garner,0.48,0.36,0.48,0,0,0,0,0,0,0,0.36,0,TIED
Geneseo Twp Pct,0.3543,0.3543,0,0.1771,0,0,0,0,0,0,0,0,TIED
Geneva/Ingham/East Mott,0,0,0,0.1111,0,0,0,0,0,0,0.1667,0.0556,WARREN
GF-Greenfield,0.16,0.16,0.16,0,0,0,0,0,0,0,0,0,TIED
GF-WM,0.1778,0,0.0889,0.0889,0,0,0,0,0,0,0,0,TIED
GG/HP/WE/Garden Grove/LeRoy,0.1882,0.0471,0,0.0941,0,0,0,0,0,0,0,0,BUTTIGIEG
Giard-Luana-Monona,0.6667,0.1667,0.1667,0,0,0,0,0,0,0,0.1667,0,TIED
Glenwood Township,0.1556,0.1556,0.1556,0,0,0,0,0,0,0,0.1556,0,TIED
Glenwood Ward 1,0.3111,0.1556,0.1556,0,0,0,0,0,0,0,0.1556,0,TIED
Glenwood Ward 2,0.1556,0.3111,0,0.1556,0,0,0,0,0,0,0.1556,0,TIED
Glenwood Ward 3,0.3111,0.1556,0.1556,0.3111,0,0,0,0,0,0,0.1556,0,TIED
Glidden-Richland,0.22,0.33,0.22,0,0,0,0,0,0,0,0,0,TIED
GLWCW,0.24,0,0,0,0,0,0,0,0,0,0.12,0,BUTTIGIEG
GM-RM,0.0889,0,0.0889,0.1778,0,0,0,0,0,0,0.0889,0,TIED
Gold,0.3429,0.1714,0.2571,0.2571,0,0,0,0,0,0,0.1714,0,TIED
Goldfield,0,0,0.1333,0,0,0,0,0,0,0,0.1333,0,TIED
Goshen City,0,0.1667,0,0,0,0,0,0,0,0,0.1667,0,TIED
Gower/Springdale,0.3429,0.1714,0.1714,0.3429,0,0,0,0,0,0,0.1714,0,TIED
Gowrie,0.1667,0.0833,0.1667,0.1667,0,0,0,0,0,0,0,0,TIED
GR/RL/Grand River,0.0941,0.0471,0,0.0471,0,0,0,0,0,0,0,0,TIED
GR/RV/LI/pt. HL&WL,0.1667,0.1667,0.1667,0.25,0,0,0,0,0,0,0.1667,0,TIED
GR1-DM86 City,0,0,0,0.2333,0,0,0,0,0,0,0,0,BIDEN
Graham Township,0,0,0.405,0,0,0,0,0,0,0,0,0,KLOBUCHAR
Grand Meadow,0,0,0.1667,0,0,0,0,0,0,0,0,0,KLOBUCHAR
Grand River-Monroe-Webster,0.12,0,0,0.12,0,0,0,0,0,0,0.12,0,TIED
Grandview-Port Louisa,0,0.2,0.2,0.3,0,0,0,0,0,0,0.2,0,TIED
Granger 01,0.2798,0,0,0,0,0,0,0,0,0,0,0,BUTTIGIEG
Grant,0,0,0.4395,0.4395,0,0,0,0,0,0,0,0,TIED
Grant,0,0,0.4395,0.4395,0,0,0,0,0,0,0,0,TIED
Grant Township,0,0,0.415,0,0,0,0,0,0,0,0,0,KLOBUCHAR
Grant-Lincoln Twp/Anita,0.36,0.12,0.12,0.12,0,0,0,0,0,0,0,0,TIED
Grant-S Marshall-S Sherman,0,0,0,0.12,0,0,0,0,0,0,0,0,BIDEN
Grant/Osceola,0,0.0556,0.0556,0.1111,0,0,0,0,0,0,0,0,TIED
Grant/Sheridan,0.0875,0.175,0,0,0,0,0,0,0,0,0,0,SANDERS
Green,0.4286,0.1714,0,0,0,0,0,0,0,0,0.0857,0,BUTTIGIEG
Green Bay/Washington,0.42,0.28,0.28,0.42,0,0,0,0,0,0,0,0,TIED
Green Castle,0.16,0.16,0.16,0,0,0,0,0,0,0,0,0,TIED
Green Riverside Scott,0.225,0.225,0.225,0.15,0,0,0,0,0,0,0,0,TIED
Green Twp,0.09,0.09,0,0.09,0,0,0,0,0,0,0.09,0,TIED
Greenfield & Lincoln 2,0.1667,0,0,0,0,0,0,0,0,0,0,0,BUTTIGIEG
Greenfield 1 Twp,0.2333,0.2333,0.2333,0.2333,0,0,0,0,0,0,0.2333,0,TIED
Greenfield 1/DM85,0.2333,0.2333,0.2333,0.4667,0,0,0,0,0,0,0.2333,0,TIED
Greenfield 2/Lincoln 2,0.4667,0.2333,0.2333,0.2333,0,0,0,0,0,0,0.4667,0,TIED
Grimes 01,1.399,0.8394,0.5596,0.8394,0,0,0,0,0,0,0,0,TIED
Grimes 02,1.1192,0.5596,0,0.5596,0,0,0,0,0,0,0.8394,0,TIED
Grimes 03,0.5596,0.2798,0.2798,0.2798,0,0,0,0,0,0,0.5596,0,TIED
Grimes-Meservey Pct,0,0.1771,0,0,0,0,0,0,0,0,0,0,SANDERS
Grimes-Thornton Pct,0,0,0,0.1771,0,0,0,0,0,0,0,0,BIDEN
Grove-Union-Washington-Westphalia,0.25,0.15,0.25,0,0,0,0,0,0,0,0.1,0,TIED
GW-SN,0,0,0.0889,0,0,0,0,0,0,0,0,0,KLOBUCHAR
H-03 Humeston-Millerton,0.075,0.15,0.225,0.15,0,0,0,0,0,0,0.15,0,TIED
Hamburg/Washington,0.15,0.15,0,0.15,0,0,0,0,0,0,0.075,0,TIED
Hamilton/Lee/Reeve,0.1111,0.1111,0,0.0556,0,0,0,0,0,0,0,0,TIED
Hampton 1,0.1667,0,0,0.1667,0,0,0,0,0.1111,0,0,0,TIED
Hampton 2,0.2222,0.1111,0.1111,0.1111,0,0,0,0,0,0,0,0,TIED
Hampton 3,0.2222,0.3333,0,0,0,0,0,0,0,0,0.1111,0,SANDERS
Hampton 4,0.1111,0.1667,0,0.2222,0,0,0,0,0,0,0.1111,0,TIED
Hancock,0.12,0.12,0,0,0,0,0,0,0,0,0,0,TIED
Hardin Township,0,0,0.405,0,0,0,0,0,0,0,0,0,KLOBUCHAR
Hardin/Ellis/Jackson,0.216,0,0.288,0.144,0,0,0,0,0,0,0.216,0,TIED
Harlan 1,0.15,0.1,0,0.1,0,0,0,0,0,0,0.15,0,TIED
Harlan 2,0.3,0,0.15,0,0,0,0,0,0,0,0.15,0,TIED
Harlan 3,0.25,0,0.2,0.1,0,0,0,0,0,0,0.1,0,TIED
Harlan 4,0.2,0.15,0,0.15,0,0,0,0,0,0,0,0,TIED
Harlan Twp,0.36,0,0,0.12,0,0,0,0,0,0,0,0,BUTTIGIEG
Harris Precinct 0200,0.1,0,0,0,0,0,0,0,0,0,0,0,BUTTIGIEG
Hartford I/Sumner,0,0.1,0,0.1,0,0,0,0,0,0,0.1,0,TIED
Hartford II/Lincoln,0.3,0.1,0,0.1,0,0,0,0,0,0,0.1,0,TIED
Hartley-Lincoln-Omega,0.1455,0.2182,0,0.2909,0,0,0,0,0.1455,0,0,0,TIED
Hazleton,0,0.1368,0.2737,0.1368,0,0,0,0,0,0,0,0,TIED
HB-LY-LN-SF,0.1778,0.0889,0,0,0,0,0,0,0,0,0.0889,0,TIED
Henderson/Anderson,0.1556,0,0,0,0,0,0,0,0,0,0,0,BUTTIGIEG
HG/K/RC/BV/RL,0.575,0.345,0.345,0.345,0,0,0,0,0,0,0.345,0,TIED
Hiawatha 1,0.4395,0.8791,0.8791,0.4395,0,0,0,0,0,0,0,0,TIED
Hiawatha 2,0.4395,0.8791,0,0.4395,0,0,0,0,0,0,0,0,TIED
Hiawatha 3,0.4395,0,0,0,0,0,0,0,0,0,0.4395,0,TIED
Hiawatha 4,0.4395,0,0,0,0,0,0,0,0,0,0,0,BUTTIGIEG
Highland Twp,0,0,0,0,0,0,0,0,0,0,0.09,0,WARREN
Highland/Indian Village,0.1294,0.2588,0,0.1294,0,0,0,0,0,0,0,0,TIED
Hills,0.405,0.405,0,0,0,0,0,0,0,0,0,0,TIED
Hilton/Washington,0.2,0.2,0,0.2,0,0,0,0,0,0,0.2,0,TIED
HL-TM-Wallingford,0.1143,0,0,0.1143,0,0,0,0,0,0,0,0,TIED
Homer-Monroe-Jackson-Garrison,0.075,0,0.225,0.15,0,0,0,0,0,0,0,0,KLOBUCHAR
Honey Creek/Elk,0.3,0,0.225,0.15,0,0,0,0,0,0,0,0,BUTTIGIEG
Honey Creek/Marengo Rural,0.1,0,0,0.1,0,0,0,0,0,0,0.1,0,TIED
Howard Twp-Roland,0.415,0.415,0,0,0,0,0,0,0,0,0.415,0,TIED
Howard/Toledo,0.2588,0,0.2588,0,0,0,0,0,0.1294,0,0,0,TIED
Humboldt 1-Corinth-South Weaver,0.3556,0,0.2667,0.2667,0,0,0,0,0,0,0,0,TIED
Humboldt 2-Beaver-South Norway,0,0.1778,0.1778,0.2667,0,0,0,0,0,0,0.1778,0,TIED
Humboldt 3-South Rutland,0.3556,0,0.1778,0.1778,0,0,0,0,0,0,0.1778,0,TIED
Humboldt-West Vernon,0.0889,0,0,0.0889,0,0,0,0,0,0,0,0,TIED
Huxley,0.415,0.415,0.415,0.415,0,0,0,0,0,0,0.83,0,TIED
HW/BC/LG/WA/EG S,0.35,0.525,0,0.175,0,0,0,0,0,0,0,0,SANDERS
Ida Grove Ward 1,0.15,0,0,0.15,0,0,0,0,0,0,0,0,TIED
Ida Grove Ward 2,0.15,0,0,0.15,0,0,0,0,0,0,0,0,TIED
Ida Grove Ward 3,0.15,0,0.15,0.15,0,0,0,0,0,0,0,0,TIED
Illyria Twp,0.24,0,0.12,0,0,0,0,0,0,0,0,0,BUTTIGIEG
Indep/Malaka/Mariposa,0.575,0.23,0,0.345,0,0,0,0,0,0,0.23,0,TIED
Independence 1st Ward,0.6842,0,0.4105,0.5474,0,0,0,0,0,0,0,0,BUTTIGIEG
Independence 2nd Ward,0,0.1368,0.1368,0.4105,0,0,0,0,0,0,0,0,TIED
Independence 3rd Ward,0.2737,0,0,0.4105,0,0,0,0,0,0.2737,0.2737,0,TIED
Independence 4th Ward,0,0.1368,0.1368,0.2737,0,0,0,0,0,0.2737,0,0,TIED
Independence 5th Ward,0.2737,0.1368,0,0.2737,0,0,0,0,0.1368,0,0,0,TIED
Indian Creek Twp-Maxwell,0,0,0,0,0,0,0,0,0.415,0,0.415,0,TIED
Indian Settlement,0,0.6471,0,0,0,0,0,0,0,0,0.2588,0.2588,TIED
Indiana Township,0.18,0.18,0,0,0,0,0,0,0,0,0,0,TIED
Indianola 1,0.4667,0,0.2333,0,0,0,0,0,0,0,0.4667,0,TIED
Indianola 2,0.7,0.4667,0.4667,0,0,0,0,0,0,0,0.4667,0,TIED
Indianola 3,0.2333,0.4667,0.2333,0,0,0,0,0,0,0,0.2333,0,TIED
Indianola 4,1.1667,0,0.4667,0.4667,0,0,0,0,0,0,0.4667,0,TIED
Indianola 5,0.4667,0.2333,0.2333,0,0,0,0,0,0,0,0.4667,0,TIED
Indianola 6,0.4667,0,0,0.2333,0,0,0,0,0,0,0.4667,0,TIED
Indianola 7,0.9333,0.4667,0,0,0,0,0,0,0,0,0.7,0,BUTTIGIEG
Inland,0,0.1714,0.1714,0,0,0,0,0,0,0,0,0,TIED
Iowa City 01,0.81,1.215,1.215,0,0,0,0,0,0,0,1.62,0,TIED
Iowa City 02,0,1.62,1.215,0,0,0,0,0,0,0,1.215,0,TIED
Iowa City 03,0,1.62,0,0,0,0,0,0,0,0,1.215,0,SANDERS
Iowa City 04,0.81,1.215,0.81,0,0,0,0,0,0,0,1.215,0,TIED
Iowa City 05,0.81,1.62,0,0,0,0,0,0,0,0,1.215,0,SANDERS
Iowa City 06,0,1.215,1.215,0,0,0,0,0,0,0,2.025,0,TIED
Iowa City 07,1.215,1.215,0,0,0,0,0,0,0,0,0.81,0,TIED
Iowa City 08,1.215,0.81,0.81,0,0,0,0,0,0,0,1.215,0,TIED
Iowa City 09,0.81,1.62,0,0,0,0,0,0,0,0,1.215,0,SANDERS
Iowa City 10/ELSW,0.81,1.215,0,0,0,0,0,0,0,0,0.81,0,TIED
Iowa City 11,0.81,1.62,0,0,0,0,0,0,0,0,0.81,0,TIED
Iowa City 12/East Lucas SE,0.81,1.62,0,0,0,0,0,0,0,0,1.215,0,SANDERS
Iowa City 13,0.405,1.215,0,0,0,0,0,0,0,0,1.215,0,TIED
Iowa City 14,0.81,1.215,0,0,0,0,0,0,0,0,1.62,0,WARREN
Iowa City 15,0.405,1.215,0,0,0,0,0,0,0,0,0.81,0,SANDERS
Iowa City 16,1.215,1.62,0,0,0,0,0,0,0,0,1.62,0,TIED
Iowa City 17,0,2.025,0.81,0,0,0,0,0,0,0,2.025,0,TIED
Iowa City 18,0,2.025,0.81,0,0,0,0,0,0,0,2.025,0,TIED
Iowa City 19,0,1.62,0,0,0,0,0,0,0,0,1.215,0,SANDERS
Iowa City 20,0.81,1.62,0,0,0,0,0,0,0,0,1.215,0,SANDERS
Iowa City 21,0,2.43,0,0,0,0,0,0,0,0,1.62,0,SANDERS
Iowa City 22,0.405,1.215,0.405,0,0,0,0,0,0,0,1.215,0,TIED
Iowa City 23,1.215,1.62,0,0,0,0,0,0,0,0,2.025,0,WARREN
Iowa City 24,1.62,1.215,0,0,0,0,0,0,0,0,2.025,0,WARREN
Iowa Falls #1,0.504,0.216,0,0.36,0,0,0,0,0,0,0.288,0,BUTTIGIEG
Iowa Falls #2,0.648,0.288,0.36,0,0,0,0,0,0,0,0.288,0,TIED
Iowa-Leroy-Luzerne-Blairstown,0.375,0,0,0.375,0,0,0,0,0,0,0,0,TIED
IV-PC,0.0889,0,0,0,0,0,0,0,0,0,0,0,BUTTIGIEG
Jackson,0.4395,0,0,0,0,0,0,0,0,0,0.4395,0,TIED
Jackson,0.4395,0,0,0,0,0,0,0,0,0,0.4395,0,TIED
Jackson,0.4395,0,0,0,0,0,0,0,0,0,0.4395,0,TIED
Jackson,0.4395,0,0,0,0,0,0,0,0,0,0.4395,0,TIED
Jackson 01,0.8571,0,0.5143,0.5143,0,0,0,0,0,0,0.3429,0,TIED
Jackson 02,0.1714,0,0,0.1714,0,0,0,0,0,0,0.1714,0,TIED
Jackson 03,0.1714,0.1714,0,0.1714,0,0,0,0,0,0,0,0,TIED
Jackson 04,0.1714,0.1714,0,0.1714,0,0,0,0,0,0,0,0.1714,TIED
Jackson 05,0.1714,0,0.1714,0.1714,0,0,0,0,0,0,0,0,TIED
Jackson 06,0.1714,0.1714,0.1714,0.1714,0,0,0,0,0,0,0,0,TIED
Jackson 07,0.3429,0,0.3429,0.1714,0,0,0,0,0,0,0.1714,0,TIED
Jackson 08,0.1714,0,0,0.1714,0,0,0,0,0.1714,0,0,0,TIED
Jackson 09,0.3429,0.1714,0,0.1714,0,0,0,0,0,0,0.1714,0,TIED
Jackson 10,0,0.1714,0,0,0,0,0,0,0,0,0.1714,0,TIED
Jackson 11,0.1714,0,0,0.1714,0,0,0,0,0,0,0,0,TIED
Jackson 12,0.1714,0.1714,0.1714,0.1714,0,0,0,0,0,0,0,0,TIED
Jackson 13,0,0.1714,0,0.1714,0,0,0,0,0,0,0.1714,0,TIED
Jackson 14,0.1714,0.1714,0,0.1714,0,0,0,0,0,0,0.1714,0,TIED
Jackson 15,0.3429,0,0.1714,0.1714,0,0,0,0,0,0,0.1714,0,TIED
Jackson 16,0.3429,0,0.3429,0.3429,0,0,0,0,0,0,0,0,TIED
Jackson-Douglas-Lincoln,0.24,0,0.24,0.12,0,0,0,0,0,0,0.12,0,TIED
Jamestown/Oakdale,0.1429,0.1429,0,0,0,0,0,0,0,0,0,0,TIED
Jasonville-Utica,0.07,0.07,0.07,0,0,0,0,0,0,0,0.07,0,TIED
Jefferson,0.28,0.14,0,0.14,0,0,0,0,0,0,0,0,TIED
Jefferson,0.28,0.14,0,0.14,0,0,0,0,0,0,0,0,TIED
Jefferson,0.28,0.14,0,0.14,0,0,0,0,0,0,0,0,TIED
Jefferson 01,0.2798,0.2798,0.5596,0.2798,0,0,0,0,0,0,0,0,TIED
Jefferson 1 Precinct,0.36,0.24,0.24,0.12,0,0,0,0,0,0,0,0,TIED
Jefferson 2 Precinct,0.36,0.36,0.24,0,0,0,0,0,0,0,0,0,TIED
Jefferson 3 Precinct,0.48,0.36,0.36,0.24,0,0,0,0,0,0,0,0,TIED
Jefferson East/Shueyville,0.81,0,0.405,0,0,0,0,0,0,0,0.81,0,TIED
Jefferson Twp,0.12,0,0,0.12,0,0,0,0,0,0,0.12,0,TIED
Jefferson-Lee,0.24,0.12,0.12,0.24,0,0,0,0,0,0,0.12,0,TIED
Jefferson-Millville,0.6667,0.3333,0.5,0.5,0,0,0,0,0,0,0,0,TIED
Jesup,0.6842,0.2737,0.2737,0,0,0,0,0,0,0,0,0.2737,TIED
Johns/Independence,0.08,0,0,0.16,0,0,0,0,0,0,0.08,0,TIED
Johnson,0.1667,0,0,0.0833,0,0,0,0,0,0,0,0,BUTTIGIEG
Johnston 01,1.1192,0.5596,0.5596,0.5596,0,0,0,0,0,0,0.5596,0,TIED
Johnston 02,0.8394,0.8394,1.1192,0,0,0,0,0,0,0,0.5596,0,TIED
Johnston 03,0.5596,0,0.5596,0.5596,0,0,0,0,0,0,0.5596,0,TIED
Johnston 04,0.8394,0,0.5596,0.5596,0,0,0,0,0,0,0.8394,0,TIED
Johnston 05,1.399,0.8394,0.5596,0.8394,0,0,0,0,0,0,0.8394,0,TIED
Johnston 06,0.5596,0.2798,0.2798,0.5596,0,0,0,0,0,0,0,0,TIED
JUPS,0.14,0.28,0.28,0,0,0,0,0,0,0,0,0,TIED
JW/MN/SW,0.405,0.405,0.405,0.405,0,0,0,0,0,0,0.405,0,TIED
Kalona,0.3714,0.5571,0.3714,0,0,0,0,0,0,0,0.3714,0,TIED
Kane-Keystone,0,0.225,0,0.225,0,0,0,0,0,0,0,0,TIED
Keokuk 1,0.28,0.14,0,0,0,0,0,0,0,0,0.14,0.14,TIED
Keokuk 2,0.14,0.42,0,0,0,0,0,0,0,0,0.14,0,TIED
Keokuk 3,0.28,0.14,0,0.14,0,0,0,0,0,0,0.28,0,TIED
Keokuk 4,0.56,0.28,0,0,0,0,0,0,0,0,0,0,BUTTIGIEG
Keokuk 5,0.42,0.28,0,0.28,0,0,0,0,0,0,0.14,0,TIED
Keokuk 6,0.28,0.28,0,0.28,0,0,0,0,0,0,0.14,0,TIED
Keokuk 7,0.42,0.28,0.14,0.28,0,0,0,0,0,0,0,0,TIED
Keokuk twp,0.09,0.09,0,0.09,0,0,0,0,0,0,0,0.09,TIED
Keosauqua,0.5,0.2,0,0,0,0,0,0,0,0,0.3,0,BUTTIGIEG
King Linden,0.15,0,0.15,0,0,0,0,0,0,0,0,0,TIED
Knoxville 1,0.54,0.18,0,0.18,0,0,0,0,0,0,0.18,0,TIED
Knoxville 2,0.36,0,0.18,0.18,0,0,0,0,0,0,0.36,0,TIED
Knoxville 3,0.9,0.36,0.36,0,0,0,0,0,0,0,0,0,TIED
Knoxville 4,0.54,0,0,0.18,0,0,0,0,0,0,0.18,0,TIED
Knoxville Township,0.54,0.36,0.36,0.18,0,0,0,0,0,0,0,0.18,TIED
Lafayette Township,0,0,0.415,0,0,0,0,0,0,0,0,0,KLOBUCHAR
Lafayette Twp/Warren Twp,0.2267,0,0.2267,0.2267,0,0,0,0,0,0,0.2267,0,TIED
Lafayette/Clear Creek,0.1143,0.2286,0.1143,0,0,0,0,0,0,0,0.2286,0,TIED
Lake Prairie Township,0.36,0.18,0.18,0.18,0,0,0,0,0,0,0,0,TIED
Lake View,0.2,0.1333,0.2667,0,0,0,0,0,0,0,0.1333,0,TIED
Lake-Freeman,0,0,0.0941,0.0941,0,0,0,0,0,0,0.0941,0,TIED
Lake/Lincoln Twps Pct,0.1771,0,0,0,0,0,0,0,0,0,0.1771,0,TIED
Lakeside Hayes Maple Valley,0,0,0.2,0.2,0,0,0,0,0,0,0,0.2,TIED
LC,0.0889,0,0,0,0,0,0,0,0,0,0,0,BUTTIGIEG
Le Grand,0.16,0.16,0,0.32,0,0,0,0,0,0,0.32,0,TIED
Lenox/Iowa,0.5,0.6,0,0.4,0,0,0,0,0,0,0.5,0,TIED
Lewis 1,0.6,0.36,0,0.36,0,0,0,0,0,0,0,0,TIED
Lewis 2,0.36,0.36,0.24,0.36,0,0,0,0,0,0,0,0,TIED
Liberty,0.18,0,0,0.18,0,0,0,0,0,0,0,0,TIED
Liberty Toronto,0,0,0.2214,0,0,0,0,0,0,0,0,0,KLOBUCHAR
Liberty Twp,0,0,0.2333,0,0,0,0,0,0,0,0,0,KLOBUCHAR
Liberty-Pleasant Valley,0,0.405,0.405,0,0,0,0,0,0,0,0,0,TIED
Liberty/Minerva,0,0.16,0,0,0,0,0,0,0,0,0.16,0,TIED
Lime Creek/Mason N Twps,0.1771,0,0.1771,0,0,0,0,0,0,0,0,0,TIED
Lincoln,0,0,0.1294,0,0,0,0,0,0,0,0,0,KLOBUCHAR
Lincoln,0,0,0.1294,0,0,0,0,0,0,0,0,0,KLOBUCHAR
Lincoln 1,0.3333,0.1667,0.1667,0.1667,0,0,0,0,0,0,0,0,TIED
Lincoln Twp,0.2333,0,0,0.2333,0,0,0,0,0,0,0,0,TIED
Lincoln Twp-Zearing,0,0,0,0,0,0,0,0,0,0,0.415,0,WARREN
Lincoln-Clay,0,0.0941,0.0941,0,0,0,0,0,0,0,0.0941,0.0941,TIED
Lincoln/Manly,0.4,0.2667,0.2667,0.2667,0,0,0,0,0,0,0,0,TIED
Lincoln/Washington/Linn,0,0,0,0,0,0,0,0,0,0,0.4143,0,WARREN
Linn,0,0,0,0,0,0,0,0,0,0,0.4395,0,WARREN
Linn/Pioneer,0.3429,0.1714,0.1714,0.3429,0,0,0,0,0,0,0.1714,0,TIED
Lockridge-Round Prairie-Walnut-Coppock,0.2182,0,0,0.2182,0,0,0,0,0,0,0,0,TIED
Locust Grove-Batavia,0,0.2182,0,0,0,0,0,0,0,0,0,0,SANDERS
Lodomillo,0,0,0.1667,0.1667,0,0,0,0,0,0,0,0,TIED
Logan-Gillett Grove,0,0,0,0.0941,0,0,0,0,0,0,0.0941,0,TIED
Lorimor,0,0.15,0.075,0,0,0,0,0,0,0,0.075,0,TIED
Lost Grove,0,0.0833,0.0833,0,0,0,0,0,0,0,0,0,TIED
LOVILIA Monroe Precinct 6,0.1846,0.0923,0,0.0462,0,0,0,0,0,0,0.0923,0,TIED
Low Moor,0.2214,0,0,0,0,0,0,0,0,0,0,0,BUTTIGIEG
Lucas,0,0.0727,0.1455,0.1455,0,0,0,0,0,0,0.0727,0,TIED
Lucas-Extension Office Precinct,0,0,0.0727,0,0,0,0,0,0.0727,0,0.0727,0.0727,TIED
LV-SM,0.0889,0,0.0889,0,0,0,0,0,0,0,0,0,TIED
Lytton,0.0667,0.0667,0,0,0,0,0,0,0,0,0,0.0667,TIED
Macedonia,0.12,0,0,0,0,0,0,0,0,0,0,0,BUTTIGIEG
Madison 01,0,0,0.2798,0,0,0,0,0,0,0,0,0,KLOBUCHAR
Madrid 1st Ward,0.19,0.38,0,0,0,0,0,0,0,0,0.19,0,TIED
Madrid 2nd Ward,0.19,0.38,0.19,0,0,0,0,0,0,0,0,0,TIED
Madrid 3rd Ward,0.19,0.19,0,0,0,0,0,0,0,0,0.19,0,TIED
Maine,0.4395,0.4395,0.4395,0,0,0,0,0,0,0,0,0,TIED
Malvern/Tabor/Center Twp/Rawles Twp/Silver Creek,0.4667,0.4667,0,0.1556,0,0,0,0,0,0,0.1556,0,TIED
Manchester Ward 1,0.225,0.225,0.15,0.15,0,0,0,0,0,0,0.15,0,TIED
Manchester Ward 2,0.525,0,0.225,0,0,0,0,0,0,0,0.3,0,BUTTIGIEG
Manchester Ward 3,0.3,0,0.225,0.3,0,0,0,0,0.15,0,0.225,0,TIED
Marengo City,0.3,0.5,0,0.3,0,0,0,0,0,0,0.3,0,TIED
Marietta/Washington,0.16,0,0,0.16,0,0,0,0,0,0,0,0,TIED
Marion,0.1667,0.0556,0,0.0556,0,0,0,0,0,0,0,0,TIED
Marion,0.1667,0.0556,0,0.0556,0,0,0,0,0,0,0,0,TIED
Marion 01,0.4395,0.8791,0,0,0,0,0,0,0,0,0.8791,0,TIED
Marion 02,0,0.4395,0,0.4395,0,0,0,0,0,0,0.4395,0,TIED
Marion 03,0.4395,0.8791,0.4395,0,0,0,0,0,0,0,0.4395,0,TIED
Marion 04,0.4395,0.4395,0,0.4395,0,0,0,0,0,0,0.4395,0,TIED
Marion 05,1.3186,0.8791,0.8791,0.4395,0,0,0,0,0,0,0,0,TIED
Marion 06,0.8791,0.8791,0,0.8791,0,0,0,0,0,0,0.4395,0,TIED
Marion 07,0.4395,0.8791,0.4395,0.4395,0,0,0,0,0,0,0.4395,0,TIED
Marion 08,0.4395,0.8791,0.4395,0.4395,0,0,0,0,0,0,0.4395,0,TIED
Marion 09,0.4395,0.8791,0,0.4395,0,0,0,0,0,0,0.4395,0,TIED
Marion 10,0.4395,0.8791,0,0.4395,0,0,0,0,0,0,0.4395,0,TIED
Marion 11,0.8791,0.4395,0.4395,0.4395,0,0,0,0,0,0,0.4395,0,TIED
Marion 12,0.4395,0.4395,0.4395,0,0,0,0,0,0,0,0,0,TIED
Marion 13,0.8791,0.8791,0,0.4395,0,0,0,0,0,0,0.4395,0,TIED
Marion 14,0.4395,0,0.4395,0.4395,0,0,0,0,0,0,0.4395,0,TIED
Marion Township,0,0,0.4395,0.4395,0,0,0,0,0,0,0,0,TIED
Marion/Vienna,0.16,0,0.16,0.16,0,0,0,0,0,0,0.16,0,TIED
Marshalltown 1-1,0,1.12,0,0.32,0,0,0,0,0,0,0,0,SANDERS
Marshalltown 1-2,0,0.8,0,0.32,0,0,0,0,0,0.32,0,0,TIED
Marshalltown 2-1,0.8,0.64,0,0,0,0,0,0,0,0,0.48,0,BUTTIGIEG
Marshalltown 2-2,0.64,0.8,0,0.48,0,0,0,0,0,0,0.48,0,TIED
Marshalltown 3-1,0.48,0.64,0.32,0.48,0,0,0,0,0,0,0.32,0,TIED
Marshalltown 3-2,0.96,1.12,0,0.8,0,0,0,0,0,0,0,0,SANDERS
Marshalltown 4-1,0.64,0.96,0,0.48,0,0,0,0,0,0,0,0,SANDERS
Marshalltown 4-2,0.64,0.64,0,0.48,0,0,0,0,0,0,0.48,0,TIED
Mason City W-1 P-1,0.3543,0.3543,0.5314,0,0,0,0,0,0,0,0,0.1771,TIED
Mason City W-1 P-2,0.7086,0.3543,0.3543,0.3543,0,0,0,0,0,0,0,0,TIED
Mason City W-1 P-3,0.8857,0,0.7086,0.3543,0,0,0,0,0,0,0,0,BUTTIGIEG
Mason City W-2 P-1,0.3543,0.5314,0,0.3543,0,0,0,0,0,0,0,0,TIED
Mason City W-2 P-2,0.7086,0,0.7086,0.3543,0,0,0,0,0,0,0.5314,0,TIED
Mason City W-2 P-3,0.3543,0.5314,0.3543,0.1771,0,0,0,0,0,0,0,0,TIED
Mason City W-3 P-1,0.5314,0.7086,0.3543,0.3543,0,0,0,0,0,0,0,0,TIED
Mason City W-3 P-2,0.3543,0.5314,0,0.1771,0,0,0,0,0,0,0.3543,0,TIED
Mason City W-3 P-3,0.7086,0.5314,0.8857,0.3543,0,0,0,0,0,0,0,0,KLOBUCHAR
Mason City W-4 P-1,0.3543,0.3543,0.1771,0.3543,0,0,0,0,0,0,0.1771,0,TIED
Mason City W-4 P-2,0.3543,0.5314,0.5314,0.1771,0,0,0,0,0,0,0,0,TIED
Mason City W-4 P-3,0.3543,0.3543,0.5314,0.7086,0,0,0,0,0,0,0,0,TIED
Mason S/Bath Twps,0.1771,0,0,0,0,0,0,0,0,0,0.1771,0,TIED
Massena Twp/Massena City,0,0,0.12,0.12,0,0,0,0,0,0,0,0,TIED
Massillon/Springfield,0.1714,0.1714,0,0.1714,0,0,0,0,0,0,0.1714,0,TIED
May City Precinct 0300,0,0,0,0,0,0,0,0,0,0,0.2,0,WARREN
McClelland,0.12,0,0.12,0.12,0,0,0,0,0,0,0,0,TIED
MELROSE Monroe Precinct 7,0.0923,0,0.0462,0.0923,0,0,0,0,0,0,0,0,TIED
Melvin Precinct 0400,0,0.1,0.1,0,0,0,0,0,0,0,0,0,TIED
Mendon,0.6667,0.3333,0.3333,0,0,0,0,0,0,0,0,0,TIED
Middle Precinct,0.24,0.08,0.16,0,0,0,0,0,0,0,0,0,BUTTIGIEG
Middlefield-Newton,0.1368,0,0.1368,0.1368,0,0,0,0,0,0,0,0,TIED
Milford Township,0,0,0.415,0,0,0,0,0,0,0,0,0,KLOBUCHAR
Milo/Prairie,0,0,0.3,0.225,0,0,0,0,0,0,0.375,0,WARREN
Milton,0.1,0,0,0.1,0,0,0,0,0,0,0,0,TIED
Minden,0.24,0.12,0,0,0,0,0,0,0,0,0.24,0,TIED
Mitchell 10,0.15,0.075,0.15,0,0,0,0,0,0,0,0,0,TIED
Mitchell 11,0,0,0.075,0.075,0,0,0,0,0,0,0,0.075,TIED
Mitchell 12,0.075,0,0,0.075,0,0,0,0,0,0,0,0,TIED
Mitchell 5,0.075,0,0.15,0.075,0,0,0,0,0,0,0,0,TIED
Mitchell 6,0.225,0,0.225,0,0,0,0,0,0,0,0.15,0,TIED
Mitchell 7,0.225,0,0.225,0,0,0,0,0,0,0,0.225,0,TIED
Mitchell 8,0,0.15,0.225,0.15,0,0,0,0,0,0,0,0,TIED
Mitchell 9,0.3,0.225,0.225,0.15,0,0,0,0,0,0,0,0,TIED
Mitchellville 01,0.5596,0.2798,0,0.5596,0,0,0,0,0,0,0.2798,0,TIED
MN1-Monticello 1,0.16,0.32,0.16,0,0,0,0,0,0,0,0,0,TIED
MN2-Monticello 2,0,0.16,0.16,0.16,0,0,0,0,0,0,0.16,0,TIED
MN3-Monticello 3,0.16,0.16,0.16,0.16,0,0,0,0,0,0,0,0,TIED
MN4-Monticello 4,0.16,0.16,0.16,0.16,0,0,0,0,0,0,0,0,TIED
Monroe 1,0.4395,0,0.4395,0.4395,0,0,0,0,0,0,0,0,TIED
Monroe 2,0.4395,0,0.4395,0.4395,0,0,0,0,0,0,0,0,TIED
MONTEZUMA,0.14,0.14,0,0.14,0,0,0,0,0,0,0.14,0,TIED
Montrose,0.42,0,0.14,0.28,0,0,0,0,0,0,0.14,0,TIED
Moorhead Soldier Spring Valley Willow,0.1,0.05,0.1,0,0,0,0,0,0,0,0.1,0,TIED
Morning Sun-Marshall,0.1,0.1,0,0.2,0,0,0,0,0,0,0.1,0.1,TIED
Mound Prairie/Washington,0.345,0,0,0,0,0,0,0,0.115,0,0.23,0,BUTTIGIEG
Mount Ayr 1,0.3,0,0,0.3375,0,0,0,0,0,0,0.1875,0,BIDEN
Mount Ayr 2,0.15,0.1125,0,0.375,0,0,0,0,0,0,0.15,0,TIED
Mount Vernon North,0.4395,0.4395,0.4395,0,0,0,0,0,0,0,0.4395,0,TIED
Mount Vernon South,0.8791,1.3186,0,0,0,0,0,0,0,0,0.8791,0,TIED
MS,0.14,0.14,0,0.14,0,0,0,0,0,0,0,0,TIED
Mt Vernon,0.202,0.202,0.202,0.202,0,0,0,0,0,0,0,0,TIED
Mt Vernon-Pl Valley Twps,0.1771,0,0.1771,0,0,0,0,0,0,0,0,0,TIED
Mt. Pleasant Ward 1,0.3333,0,0,0,0,0,0,0,0,0,0.4667,0.2667,WARREN
Mt. Pleasant Ward 2,0.2667,0.2667,0,0.2667,0,0,0,0,0,0,0.2,0.2,TIED
Mt. Pleasant Ward 3,0.2667,0.2667,0.2,0.2,0,0,0,0,0,0,0.2,0,TIED
Mt. Pleasant Ward 4,0.4667,0.2,0,0,0,0,0,0,0,0,0,0.2,TIED
Mt. Valley,0.15,0,0.15,0,0,0,0,0,0,0,0,0,TIED
Murray Precinct,0,0,0.16,0.16,0,0,0,0,0,0,0.16,0,TIED
Muscatine 01st,0.3333,0.5,0.3333,0.3333,0,0,0,0,0,0,0.3333,0,TIED
Muscatine 02nd,0.5,0.3333,0,0.3333,0,0,0,0,0,0,0.1667,0,TIED
Muscatine 03rd,0.1667,0.5,0,0.3333,0,0,0,0,0,0,0.1667,0,TIED
Muscatine 04th,0.3333,0.6667,0,0,0,0,0,0,0,0,0.1667,0,SANDERS
Muscatine 05th,0,0.5,0,0.1667,0,0,0,0,0,0,0.1667,0.1667,TIED
Muscatine 06th,0.8333,0.5,0.5,0,0,0,0,0,0,0,0,0,TIED
Muscatine 07th,0.1667,0.5,0,0.3333,0,0,0,0,0,0,0.1667,0,TIED
Muscatine 08th,0.3333,0.5,0,0.3333,0,0,0,0,0,0,0,0.1667,TIED
Muscatine 09th,0.5,0.5,0,0.3333,0,0,0,0,0,0,0,0,TIED
Muscatine 10th,0.3333,0.6667,0,0.5,0,0,0,0,0,0,0,0,SANDERS
Nemaha,0.0667,0.0667,0,0,0,0,0,0,0,0,0,0,TIED
Neola,0,0,0.24,0.24,0,0,0,0,0,0,0.48,0,TIED
Nevada 1,0.415,0.415,0,0,0,0,0,0,0,0,0.415,0,TIED
Nevada 2,0,0.415,0.415,0,0,0,0,0,0,0,0.415,0,TIED
Nevada 3 - Grant Twp 3,0.415,0.415,0.415,0,0,0,0,0,0,0,0,0,TIED
Nevada 4,0.415,0.415,0,0,0,0,0,0,0,0,0.415,0,TIED
Nevada Township,0.415,0,0,0,0,0,0,0,0,0,0,0,BUTTIGIEG
New Albany Twp-Colo,0.415,0,0,0,0,0,0,0,0,0,0.415,0,TIED
New Hampton Rural,0.14,0.07,0.07,0.07,0,0,0,0,0,0,0,0,TIED
New Oregon,0.1429,0,0.2857,0,0,0,0,0,0,0,0,0,KLOBUCHAR
Newark,0.0833,0,0,0,0,0,0,0,0,0,0.0833,0,TIED
Newell Newell Providence,0.2,0.2,0,0,0,0,0,0,0,0,0,0,TIED
Newport Township,0.81,0,0.81,0.405,0,0,0,0,0,0,0.81,0,TIED
Newton 1-1,0.575,0.345,0.23,0.345,0,0,0,0,0,0,0,0,TIED
Newton 1-2,0.345,0.345,0,0.23,0,0,0,0,0,0,0.23,0,TIED
Newton 2-1,0.345,0.46,0,0.46,0,0,0,0,0,0,0.345,0,TIED
Newton 2-2,0.46,0.23,0,0.23,0,0,0,0,0,0,0.345,0,TIED
Newton 3-1,0.575,0.575,0,0.46,0,0,0,0,0,0,0,0,TIED
Newton 3-2,0.46,0.23,0,0.23,0,0,0,0,0,0,0,0.23,TIED
Newton 4-1,0.46,0.345,0.345,0.345,0,0,0,0,0,0,0.345,0,TIED
Newton 4-2,0.46,0.345,0,0,0,0,0,0,0,0,0.115,0.115,TIED
Newton Forest,0.3,0.15,0,0,0,0,0,0,0,0,0,0,BUTTIGIEG
Newton/Sherman,0.575,0.345,0,0.345,0,0,0,0,0,0,0.23,0,TIED
No. 1 Albia First Ward,0.2769,0,0,0.1846,0,0,0,0,0,0,0,0,BUTTIGIEG
No. 2 Albia Second Ward,0.0462,0.0462,0,0.1385,0,0,0,0,0.0462,0,0,0,TIED
No. 3 Albia Third Ward,0.1385,0.0923,0.1385,0,0,0,0,0,0,0,0,0,TIED
No. 4 Albia Fourth Ward,0,0.1385,0.0923,0.0923,0,0,0,0,0,0,0.0923,0,TIED
Noble-Pleasant Twp/Griswold,0.12,0,0.12,0.12,0,0,0,0,0,0,0.24,0,TIED
North East Precinct,0.16,0.16,0.08,0.16,0,0,0,0,0,0,0.16,0,TIED
North Lake-East Vernon,0.0889,0,0,0.0889,0,0,0,0,0,0,0,0,TIED
North Liberty 01,1.215,0.81,0,0,0,0,0,0,0,0,0.81,0,TIED
North Liberty 02,0.81,0.81,0,0.405,0,0,0,0,0,0,0.81,0,TIED
North Liberty 03/PW,1.215,0.81,0,0.81,0,0,0,0,0,0,0.81,0,TIED
North Liberty 04,0.405,0.81,0,0.405,0,0,0,0,0,0,0.81,0,TIED
North Liberty 05,0.81,0.81,0,0,0,0,0,0,0,0,0.81,0,TIED
North Liberty 06/Madison/CCN,1.62,1.215,0,0,0,0,0,0,0,0,1.62,0,TIED
North Precinct,0.24,0.24,0.12,0.12,0,0,0,0,0,0,0,0,TIED
Northeast,0.09,0.12,0.06,0.09,0,0,0,0,0,0,0,0,TIED
Northeast,0.09,0.12,0.06,0.09,0,0,0,0,0,0,0,0,TIED
Northeast Precinct,0.4667,0.2,0,0,0,0,0,0,0,0,0,0.2,TIED
Northwest,0.12,0,0,0.12,0,0,0,0,0,0,0.09,0,TIED
Northwest Precinct,0.3333,0.2,0,0.2,0,0,0,0,0,0,0,0.1333,TIED
Norwalk 1,0.7,0.2333,0.2333,0.4667,0,0,0,0,0,0,0.2333,0,TIED
Norwalk 2/Greenfield,0.7,0.4667,0.4667,0,0,0,0,0,0,0,0,0,TIED
Norwalk 3/Linn,1.1667,0.4667,0,0.4667,0,0,0,0,0,0,0.7,0,TIED
Norwalk 4 City,0.9333,0.4667,0.4667,0,0,0,0,0,0,0,0.4667,0,TIED
Oak/Saint Marys,0.6222,0.3111,0,0.3111,0,0,0,0,0,0,0,0,TIED
Oakland,0.24,0.24,0.24,0.24,0,0,0,0,0,0,0,0,TIED
Oakland/Morgan,0,0.1111,0.1667,0,0,0,0,0,0,0,0,0,KLOBUCHAR
OC 1/Holland West,0.175,0.175,0.175,0,0,0,0,0,0,0,0.35,0,TIED
OC 2/Holland E/NS 4-9,0,0,0.2625,0,0,0,0,0,0,0,0.4375,0.2625,TIED
Ocheyedan Precinct 0500,0.2,0,0.1,0,0,0,0,0,0,0,0,0,BUTTIGIEG
Odebolt,0.0667,0.2,0,0.1333,0,0,0,0,0,0,0,0,SANDERS
Oelwein Ward 1,0.48,0,0,0.24,0,0,0,0,0,0,0.24,0,TIED
Oelwein Ward 2,0.36,0.24,0,0.24,0,0,0,0,0,0,0,0,TIED
Oelwein Ward 3,0.36,0.24,0,0.36,0,0,0,0,0,0,0.12,0,TIED
Oelwein Ward 4,0.48,0.24,0.24,0.36,0,0,0,0,0,0,0,0,TIED
Ogden,0.57,0.38,0,0.38,0,0,0,0,0,0,0,0,TIED
Olive Grant Calamus,0,0,0,0.2214,0,0,0,0,0,0,0.2214,0,TIED
Onawa Ward 1,0.15,0.1,0,0.05,0,0,0,0,0,0,0,0,BUTTIGIEG
Onawa Ward 2-NE Franklin,0.1,0,0,0.1,0,0,0,0,0,0,0.15,0,TIED
Onawa Ward 3,0.1,0.05,0,0,0,0,0,0,0.1,0,0.1,0,TIED
Onawa Ward 4,0.1,0.15,0,0,0,0,0,0,0,0,0,0,SANDERS
Oneida/N Fork/Bremen,0.375,0,0.375,0,0,0,0,0,0,0,0.225,0,TIED
Oran Twp,0.12,0,0,0,0,0,0,0,0.12,0,0,0,TIED
Orange Grand Mound,0.2214,0.2214,0,0.2214,0,0,0,0,0,0,0,0,TIED
Orono City,0,0,0,0,0,0,0,0,0,0,0.1667,0,WARREN
Osage 01,0,0.15,0.15,0.225,0,0,0,0,0,0,0,0.075,TIED
Osage 02,0.15,0,0.15,0.075,0,0,0,0,0,0,0.075,0,TIED
Osage 03,0,0,0.225,0.15,0,0,0,0,0,0,0.15,0,TIED
Osage 04,0.225,0,0.225,0.075,0,0,0,0,0,0,0.15,0,TIED
Osceola 1 Precinct 0600,0.3,0,0,0,0,0,0,0,0,0,0.1,0,BUTTIGIEG
Osceola 1st Ward Precinct,0.16,0.24,0,0.16,0,0,0,0,0,0,0,0.08,TIED
Osceola 2 Precinct 0700,0,0.3,0.1,0.3,0,0,0,0,0,0,0,0,TIED
Osceola 2nd Ward Precinct,0.16,0.16,0.16,0.08,0,0,0,0,0,0,0,0.08,TIED
Osceola 3 Precinct 0800,0.2,0,0.2,0.1,0,0,0,0,0,0,0.3,0,TIED
Osceola 3rd Ward Precinct,0.24,0.16,0.24,0,0,0,0,0,0,0,0,0.16,TIED
Oskaloosa Ward 1,0.32,0.32,0,0,0,0,0,0,0,0,0.16,0.16,TIED
Oskaloosa Ward 2,0.16,0.32,0,0,0,0,0,0,0,0,0.32,0.32,TIED
Oskaloosa Ward 3-University Park,0.48,0.48,0,0.32,0,0,0,0,0,0,0.16,0,TIED
Oskoloosa Ward 4,0.32,0.32,0.16,0.16,0,0,0,0,0,0,0.32,0,TIED
Otho-Pleasant Valley,0.3333,0.25,0,0.1667,0,0,0,0,0,0,0,0,BUTTIGIEG
Otley,0.36,0.18,0.36,0.18,0,0,0,0,0,0,0,0,TIED
Otter Creek,0.4395,0,0,0,0,0,0,0,0,0,0.4395,0,TIED
Otter/Milo,0.2333,0.2333,0.2333,0.2333,0,0,0,0,0,0,0,0,TIED
Ottumwa Pct 01,0.36,0.63,0,0.27,0,0,0,0,0,0,0,0,SANDERS
Ottumwa Pct 02,0.54,0.45,0,0.45,0,0,0,0,0,0,0.36,0,TIED
Ottumwa Pct 03,0.72,0.45,0,0.45,0,0,0,0,0,0,0.36,0,TIED
Ottumwa Pct 04,0.45,0.54,0,0,0,0,0,0,0,0,0,0,SANDERS
Ottumwa Pct 05,0.45,0.27,0,0,0,0,0,0,0,0,0.18,0.18,TIED
Ottumwa Pct 06,0.27,0.45,0,0.18,0,0,0,0,0,0,0.18,0,TIED
Ottumwa Pct 07,0.27,0.54,0,0.27,0,0,0,0,0,0,0,0,TIED
Ottumwa Pct 08,0.36,0.45,0,0,0,0,0,0,0,0,0.36,0,TIED
Ottumwa Pct 09,0.45,0.45,0,0.54,0,0,0,0,0,0,0.27,0,TIED
Ottumwa Pct 10,0.36,0.27,0,0.36,0,0,0,0,0,0,0.36,0,TIED
OX-Oxford,0,0,0.16,0.16,0,0,0,0,0,0,0,0,TIED
Oxford Township/Oxford,0.405,0.405,0.405,0,0,0,0,0,0,0,0,0,TIED
Pacific Junction/Lyons/Plattville,0.1556,0.1556,0,0.1556,0,0,0,0,0,0,0,0,TIED
Palestine Township,0,0,0.415,0,0,0,0,0,0,0,0,0,KLOBUCHAR
Palmyra Twp,0,0,0,0,0,0,0,0,0,0,0,0,BUTTIGIEG
Palo Alto,0.23,0,0,0.115,0,0,0,0,0,0,0.115,0.115,TIED
PC,0.0889,0,0,0,0,0,0,0,0,0,0,0,BUTTIGIEG
PCT 01 - HE/HI/PL,0.256,0.256,0.256,0,0,0,0,0,0,0,0.128,0,TIED
Pct 01 - WL/HV,0.0778,0.0778,0.1556,0,0,0,0,0,0,0,0,0,TIED
Pct 02 - FC/JF/LL/MK/UP,0.2333,0.2333,0.2333,0,0,0,0,0,0,0,0.1556,0.2333,TIED
PCT 02 - FR/GL/DEW3/DETSUP1,0.768,0.512,0.896,0,0,0,0,0,0,0,0.64,0,KLOBUCHAR
PCT 03 - DEW1/DETSUP2,0.768,0.512,0.64,0,0,0,0,0,0,0,0.384,0,BUTTIGIEG
Pct 03 - PO/FK,0.0778,0,0,0.1556,0,0,0,0,0,0,0,0,BIDEN
PCT 04 - DEW2,0.512,0.64,0.384,0,0,0,0,0,0,0,0.512,0,TIED
Pct 04 - PV City,0.2333,0.0778,0,0.1556,0,0,0,0,0,0,0,0.1556,TIED
PCT 05 - CN/DEW4/DETSUP3,0.512,0.64,0.512,0,0,0,0,0,0,0,0.512,0,TIED
Pct 05 - LT/PC/WV City,0.0778,0.0778,0.0778,0,0,0,0,0,0,0,0.0778,0,TIED
PCT 06 - DEW5,0.512,0.256,0.384,0,0,0,0,0,0,0,0.512,0,TIED
Pct 06 - FV/TL/HF City,0.1556,0.0778,0,0.2333,0,0,0,0,0,0,0.0778,0,TIED
PCT 07 - CA/SP,0.64,0,0.384,0,0,0,0,0,0,0,0,0.256,BUTTIGIEG
Pct 07 - CN/LF/LS/LS City,0.7,0.3111,0.3889,0,0,0,0,0,0,0,0,0,BUTTIGIEG
Pct 08 - IA/UC/NA City,0.0778,0.0778,0,0.0778,0,0,0,0,0.0778,0,0.0778,0,TIED
PCT 08 - MI/BLM,0.256,0.128,0.128,0.256,0,0,0,0,0,0,0,0,TIED
PCT 09 - BLF/BO/FR/LI/MA/OR,0.256,0.256,0.256,0.256,0,0,0,0,0,0,0,0.128,TIED
Pct 09 - Waukon 1,0.3889,0,0.1556,0.1556,0,0,0,0,0,0,0,0,TIED
PCT 1 Cass Freedom Fremont Independence,0.1,0,0.2,0.2,0,0,0,0,0,0,0.2,0,TIED
PCT 1 George,0.1,0,0,0.2,0,0,0,0,0,0,0.2,0,TIED
PCT 10 - JA/SU/WA,0.256,0.128,0.128,0.128,0,0,0,0,0,0,0,0.128,TIED
Pct 10 - Waukon 2,0.2333,0.0778,0.2333,0,0,0,0,0,0,0,0.1556,0,TIED
PCT 11 - DETSUP5,0.2333,0.0778,0.1556,0.2333,0,0,0,0,0,0,0,0,TIED
Pct 11 - Waukon 3,0.128,0,0,0,0,0,0,0,0,0,0,0,BUTTIGIEG
PCT 1T,1.08,0.36,0.36,0,0,0,0,0,0,0,0.36,0,TIED
PCT 2,0.72,0.72,0,0.72,0,0,0,0,0,0,0.36,0,TIED
PCT 2 Blairsburg Liberty Williams,0.1,0,0,0.2,0,0,0,0,0,0,0.2,0,TIED
PCT 2 Doon,0.1,0,0.1,0,0,0,0,0,0,0,0,0,TIED
PCT 3,0.72,0.36,0.36,0,0,0,0,0,0,0,0.36,0,TIED
PCT 3 Clear Lake Hamilton Marion Webster,0.4,0.2,0,0.2,0,0,0,0,0,0,0.3,0,TIED
PCT 3 Inwood,0,0.1,0.1,0,0,0,0,0,0,0,0.1,0,TIED
PCT 4,0.36,0.72,0,0.36,0,0,0,0,0,0,0,0.36,TIED
PCT 4 Larchwood,0.1,0,0.3,0.1,0,0,0,0,0,0,0.2,0,TIED
PCT 4 Lyon Ellsworth,0.2,0.4,0.2,0.2,0,0,0,0,0,0,0.2,0,TIED
PCT 5,0.72,0.36,0,0.72,0,0,0,0,0,0,0,0,TIED
PCT 5 Lester,0,0.1,0.1,0,0,0,0,0,0,0,0,0,TIED
PCT 5 Lincoln Rose Grove Scott,0.3,0.1,0,0,0,0,0,0,0,0,0.2,0,BUTTIGIEG
PCT 6,0.36,0.36,0,0,0,0,0,0,0,0,0,0.36,TIED
PCT 6 Little Rock,0,0.1,0,0,0,0,0,0,0,0,0,0,SANDERS
PCT 7,0.72,0.72,0,0.36,0,0,0,0,0,0,0.36,0,TIED
PCT 7 Rock Rapids,0.1,0.1,0.1,0.1,0,0,0,0,0,0,0,0,TIED
PCT 8 Rock Rapids,0.2,0.1,0.2,0.1,0,0,0,0,0,0,0,0,TIED
PCT 8C,1.08,0.72,0,0.72,0,0,0,0,0,0,0.36,0,TIED
PCT 9,1.08,0.36,0,0.72,0,0,0,0,0,0,0.36,0,TIED
PCT DM,0,0.36,0.36,0,0,0,0,0,0,0,0.36,0,TIED
PCT FM,0.72,0.36,0,0.36,0,0,0,0,0,0,0.36,0,TIED
PCT HJ,0.36,0,0,0,0,0,0,0,0,0,0.36,0,TIED
PCT MY,0.72,0,0.36,0.36,0,0,0,0,0,0,0,0,TIED
PCT PW,0,0,0,0.36,0,0,0,0,0,0,0,0,BIDEN
PCT UNION,0.36,0.36,0,0,0,0,0,0,0,0,0,0,TIED
PCT WB,0.72,0.72,0,0.36,0,0,0,0,0,0,0.36,0,TIED
Pella 1,0.54,0.36,0,0.18,0,0,0,0,0,0,0.18,0,TIED
Pella 2,0.36,0.18,0.36,0,0,0,0,0,0,0,0.36,0,TIED
Pella 3,0.36,0.36,0.36,0.18,0,0,0,0,0,0,0.18,0,TIED
Pella 4,0.36,0.36,0,0,0,0,0,0,0,0,0.18,0.18,TIED
Penn-Madison,0.36,0.24,0.24,0.12,0,0,0,0,0,0,0.24,0,TIED
Penn-Pleasant Plain,0,0,0,0,0,0,0,0,0,0.2182,0,0,UNCOMMITTED
Penn/East Lucas North,1.215,0,1.215,0,0,0,0,0,0,0,1.62,0,TIED
Perry 1,0.4143,0.4143,0,0.4143,0,0,0,0,0,0,0.4143,0,TIED
Perry 2,0.8286,0,0,0.4143,0,0,0,0,0,0,0.4143,0,TIED
Perry 3,0.4143,0.4143,0,0.4143,0,0,0,0,0,0,0,0,TIED
Perry-Westburg,0.2737,0,0.1368,0.2737,0,0,0,0,0,0,0.1368,0,TIED
Perry/Buckingham/E Crystal,0.3882,0.2588,0.2588,0.3882,0,0,0,0,0,0,0,0,TIED
"Pierce and Fremont Townships, Essex",10,11,0,6,0,0,0,0,0,0,0,0,SANDERS
Pike City,0.1667,0,0,0.1667,0,0,0,0,0,0,0,0,TIED
Pilot/Troy/York,0.2,0.1,0.1,0,0,0,0,0,0,0,0.2,0,TIED
Pin Oak Marsh,0,0.0727,0.0727,0.2182,0,0,0,0,0,0,0,0,TIED
PL/GF/ST/SX/EG N,0.0875,0,0.0875,0,0,0,0,0,0,0,0,0,TIED
Pleasant Hill 01,0.5596,0.8394,0,0.5596,0,0,0,0,0,0,0.5596,0,TIED
Pleasant Hill 02,0.5596,0.2798,0.5596,0.5596,0,0,0,0,0,0,0.5596,0,TIED
Pleasant Hill 03,0.5596,0.5596,0.5596,0.5596,0,0,0,0,0,0,0.2798,0,TIED
Pleasant Valley Twp,0.24,0.12,0.24,0,0,0,0,0,0,0,0,0,TIED
Pleasant Valley-Newton,0.11,0,0.11,0.11,0,0,0,0,0,0,0,0,TIED
Pleasant/Franklin,0.16,0.08,0,0.16,0,0,0,0,0,0,0,0,TIED
Pleasantville,0.9,0.54,0.36,0.36,0,0,0,0,0,0,0,0,TIED
Plymouth 01/Ak,0,0.225,0,0.225,0,0,0,0,0,0,0.225,0,TIED
Plymouth 02/Mrhg,0,0,0,0.225,0,0,0,0,0,0,0,0,BIDEN
Plymouth 03/Sb,0,0,0,0,0,0,0,0,0,0,0.225,0,WARREN
Plymouth 04/Bv,0.225,0.225,0,0,0,0,0,0,0,0,0,0,TIED
Plymouth 05/Rm,0.225,0.225,0,0.225,0,0,0,0,0,0,0,0,TIED
Plymouth 06/Wf,0,0,0,0,0,0,0,0,0,0.225,0,0,UNCOMMITTED
Plymouth 07/Mr,0.225,0.225,0,0.225,0,0,0,0,0,0,0,0,TIED
Plymouth 08/Py,0.225,0.225,0.225,0,0,0,0,0,0,0,0,0,TIED
Plymouth 09/Ht,0.225,0.225,0.225,0.225,0,0,0,0,0,0,0,0,TIED
Plymouth 10/Kl,0.225,0.225,0,0.225,0,0,0,0,0,0,0,0,TIED
Plymouth 11/Le Mars 1,0.45,0,0.225,0.225,0,0,0,0,0,0,0.45,0,TIED
Plymouth 12/Le Mars 2,0.45,0.225,0.225,0.45,0,0,0,0,0,0,0,0,TIED
Plymouth 13/Le Mars 3,0.225,0.225,0,0.225,0,0,0,0,0,0,0,0.225,TIED
Pocahontas #1,0.24,0,0.3,0.3,0,0,0,0,0,0,0,0,TIED
Pocahontas #2,0.18,0,0.06,0.06,0,0,0,0,0,0,0,0,TIED
Polk City 01,1.1192,0.5596,0.8394,0,0,0,0,0,0,0,0.2798,0,BUTTIGIEG
Polk-Urbana,0.525,0.3,0.225,0.45,0,0,0,0,0,0,0,0,BUTTIGIEG
Portland-Owen-Dougherty,0.1771,0,0,0.1771,0,0,0,0,0,0,0.1771,0,TIED
Poyner P1 & East Wloo,0.202,0.202,0,0.202,0,0,0,0,0,0,0,0,TIED
Poyner P2 Fox Gilbert Jesup,0.606,0.404,0,0.404,0,0,0,0,0,0,0,0,TIED
PR-WL,0.0889,0,0.0889,0.0889,0,0,0,0,0.0889,0,0,0,TIED
Prairie,0,0.1143,0,0,0,0,0,0,0,0,0,0,SANDERS
Prairie-Richland,0.16,0.16,0.16,0,0,0,0,0,0,0,0,0.16,TIED
Precinct #01 Little Sioux,0,0.0933,0.0933,0,0,0,0,0,0,0,0,0,TIED
Precinct #02 Pisgah,0.0933,0,0.0933,0.0933,0,0,0,0,0,0,0,0,TIED
Precinct #03 Dunlap,0.28,0.1867,0.1867,0.1867,0,0,0,0,0,0,0,0,TIED
Precinct #04 Mondamin,0.0933,0.28,0,0,0,0,0,0,0,0,0,0,SANDERS
Precinct #05 Magnolia,0.1867,0.0933,0.1867,0.0933,0,0,0,0,0,0,0,0,TIED
Precinct #06 Boyer/Lincoln,0.0933,0.0933,0.0933,0,0,0,0,0,0,0,0,0,TIED
Precinct #07 Woodbine,0.1867,0.28,0,0.1867,0,0,0,0,0,0,0.0933,0,TIED
Precinct #08 Modale,0.28,0.1867,0,0,0,0,0,0,0,0,0,0,BUTTIGIEG
Precinct #09 Jefferson/LaGrange,0,0.0933,0,0.0933,0,0,0,0,0,0,0.0933,0,TIED
Precinct #10 Logan,0,0.28,0,0.28,0,0,0,0,0,0,0.1867,0,TIED
Precinct #11 St John,0.1867,0,0.0933,0.1867,0,0,0,0,0,0,0.1867,0,TIED
Precinct #12 Missouri Valley,0.3733,0.3733,0.1867,0.1867,0,0,0,0,0,0,0.1867,0,TIED
Precinct #13 Persia,0.0933,0.0933,0,0.0933,0,0,0,0,0,0,0.0933,0,TIED
Precinct 01,0.2,0.1,0.2,0.1,0,0,0,0,0,0,0,0,TIED
Precinct 02,0.1,0,0,0,0,0,0,0,0,0,0.1,0,TIED
Precinct 03,0.1,0,0,0.1,0,0,0,0,0,0,0,0,TIED
Precinct 04,0.5,0,0.3,0.2,0,0,0,0,0,0,0,0,BUTTIGIEG
Precinct 05,0,0.1,0,0,0,0,0,0,0,0,0,0,SANDERS
Precinct 06,0.5,0.4,0.5,0.3,0,0,0,0,0,0,0,0,TIED
Precinct 07,0.1,0.1,0.1,0,0,0,0,0,0,0,0.1,0,TIED
Precinct 08,0.1,0,0,0,0,0,0,0,0,0,0.1,0,TIED
Precinct 09,0,0.1,0.1,0.1,0,0,0,0,0,0,0.1,0,TIED
Precinct 1,0.3,0.2,0.2,0.2,0,0,0,0,0,0,0,0,TIED
Precinct 1,0.3,0.2,0.2,0.2,0,0,0,0,0,0,0,0,TIED
Precinct 10,0.1,0.1,0,0,0,0,0,0,0,0,0,0,TIED
Precinct 2,0,0.3,0.6,0.6,0,0,0,0,0,0,0,0,TIED
Precinct 2,0,0.3,0.6,0.6,0,0,0,0,0,0,0,0,TIED
Precinct 3,0.2,0,0.1,0.1,0,0,0,0,0,0,0,0,TIED
Precinct 4,0,0.1,0,0,0,0,0,0,0,0,0.1,0.1,TIED
Precinct 5,0.3,0.2,0.3,0.3,0,0,0,0,0,0.1,0.2,0,TIED
Precinct 6,0.4,0.2,0.3,0.4,0,0,0,0,0,0,0,0,TIED
Precinct 7,0.4,0.5,0.3,0.2,0,0,0,0,0,0,0,0,SANDERS
Precinct No. 01,0,0.25,0.125,0.125,0,0,0,0,0,0,0.125,0,TIED
Precinct No. 02,0.25,0,0.125,0.25,0,0,0,0,0,0,0,0,TIED
Precinct No. 03,0.25,0.125,0.125,0.25,0,0,0,0,0,0,0,0,TIED
Precinct No. 04,0,0.125,0.125,0,0,0,0,0,0,0,0,0,TIED
Precinct No. 05,0.5,0,0,0.125,0,0,0,0,0,0,0.25,0,BUTTIGIEG
Precinct No. 06,0.125,0,0.125,0,0,0,0,0,0,0,0,0,TIED
Precinct No. 07,0,0,0.125,0,0,0,0,0,0,0,0,0,KLOBUCHAR
Precinct No. 08,0.5,0.5,0.25,0.25,0,0,0,0,0,0,0.25,0,TIED
Precinct No. 09,0.125,0,0,0,0,0,0,0,0,0,0,0,BUTTIGIEG
Precinct No. 10,0.125,0,0.125,0.125,0,0,0,0,0,0,0.125,0,TIED
Precinct No. 11,0.125,0.25,0.25,0.125,0,0,0,0,0,0,0,0,TIED
Precinct No. 12,0.125,0.125,0.125,0.125,0,0,0,0,0,0,0,0,TIED
Precinct No. 13,0.25,0.25,0,0.25,0,0,0,0,0,0,0,0,TIED
Precinct No. 14,0.125,0.125,0,0.125,0,0,0,0,0,0,0.125,0,TIED
Precinct No. 15,0.5,0.25,0.375,0.5,0,0,0,0,0,0,0,0,TIED
Purple,0,0,0.4286,0.2571,0,0,0,0,0,0,0.2571,0.4286,TIED
Putnam,0.8791,0.4395,0.4395,0,0,0,0,0,0,0,0.4395,0,TIED
Quasqueton,0,0.1368,0.2737,0.1368,0,0,0,0,0,0,0.1368,0.1368,TIED
Read,0.1667,0,0,0,0,0,0,0,0,0,0,0,BUTTIGIEG
Reading,0.0833,0.0833,0.0833,0,0,0,0,0,0,0,0,0,TIED
Reading/Center South,0.0875,0,0,0.0875,0,0,0,0,0,0,0,0,TIED
Red,0.0857,0.0857,0,0,0,0,0,0,0,0,0.0857,0,TIED
Richland,0.1143,0,0,0.1143,0,0,0,0,0,0,0,0,TIED
Richland Township,0,0,0.415,0,0,0,0,0,0,0,0,0,KLOBUCHAR
Richland/Coffins Grove,0.15,0,0.15,0.225,0,0,0,0,0,0,0.15,0,TIED
Richland/Kirkville,0.09,0,0,0.18,0,0,0,0,0,0,0,0,BIDEN
Richland/Palmyra,0.2333,0.2333,0,0.2333,0,0,0,0,0,0,0,0,TIED
Richland/Ross/West Fork,0.2222,0.2778,0.3889,0,0,0,0,0,0,0,0,0,KLOBUCHAR
Richland/Salt Creek,0.1294,0.1294,0,0,0,0,0,0,0,0,0.1294,0,TIED
Riverside,0,0.3714,0.3714,0.1857,0,0,0,0,0,0,0.3714,0,TIED
Riverton,0.075,0,0,0,0,0,0,0,0,0,0.075,0,TIED
RLWS-Richland/Washington,0.32,0.16,0.16,0,0,0,0,0,0,0,0,0,TIED
Robins,0.8791,0,0.4395,0.4395,0,0,0,0,0,0,0.8791,0,TIED
Rock Grove-Rudd,0.3333,0.3333,0.4444,0.3333,0,0,0,0,0,0,0,0,TIED
Rock Valley East,0.0875,0,0.0875,0.0875,0,0,0,0,0,0,0.0875,0,TIED
Rock Valley West/Rock,0.0875,0.0875,0,0.0875,0,0,0,0,0,0,0,0,TIED
Rockford-Ulster,0.1111,0,0.2222,0.3333,0,0,0,0,0,0,0.2222,0,TIED
Rockwell City,0.4167,0.25,0,0.25,0,0,0,0,0,0,0.1667,0,TIED
ROHA-Rome/Hale,0.32,0.32,0,0.16,0,0,0,0,0,0,0,0,TIED
Rowley,0.2737,0.1368,0.1368,0.1368,0,0,0,0,0,0,0,0,TIED
Runnells 01,0.2798,0,0.2798,0.5596,0,0,0,0,0,0,0.2798,0,TIED
Rural Eagle Grove,0,0,0.1333,0.1333,0,0,0,0,0,0,0,0,TIED
Rural Precinct 1,0.38,0.19,0.19,0,0,0,0,0,0,0,0.19,0,TIED
Rural Precinct 2,0.38,0.19,0.38,0,0,0,0,0,0.19,0,0.19,0,TIED
Rural Precinct 3,0.19,0,0,0.19,0,0,0,0,0,0,0.19,0,TIED
Rural Precinct 4,0.38,0.38,0.19,0,0,0,0,0,0,0,0.38,0,TIED
Rural Precinct 5,0.19,0,0.19,0,0,0,0,0,0,0,0.19,0,TIED
Rural Precinct 6,0.38,0.19,0.19,0.19,0,0,0,0,0,0,0.19,0,TIED
S-04 Seymour-Promise City,0.3,0.15,0.225,0,0,0,0,0,0,0,0,0,BUTTIGIEG
S. Otter Creek,0,0.1294,0,0,0,0,0,0,0,0,0,0,SANDERS
Sac City,0.2667,0.2,0.2,0.3333,0,0,0,0,0,0,0.2,0,TIED
Saratoga/Howard Ctr/Chester,0.1429,0,0,0.1429,0,0,0,0,0,0,0,0.1429,TIED
Saylor 01,0.5596,0.5596,0.2798,0.2798,0,0,0,0,0,0,0.5596,0,TIED
Saylor 02,0.2798,0.2798,0.5596,0.2798,0,0,0,0,0,0,0.2798,0,TIED
Schaller,0.2667,0,0.2,0,0,0,0,0,0,0,0,0,BUTTIGIEG
SCN/Capel/Welcome,0.0875,0.0875,0,0,0,0,0,0,0,0,0.0875,0.0875,TIED
Scott Twp,0,0.12,0,0,0,0,0,0,0,0,0,0,SANDERS
Scott Twp-West Branch,0.405,0.405,0.405,0,0,0,0,0,0,0,0.405,0,TIED
Scott-Union-Pleasant Grove,0.1111,0,0.1111,0.2222,0,0,0,0,0,0,0.1111,0,TIED
Seventy-Six/Cedar,0.1667,0,0.1667,0,0,0,0,0,0,0,0.1667,0,TIED
SGMC-Sc Grv/Madison/Clay,0.16,0.16,0.16,0.16,0,0,0,0,0,0,0,0,TIED
Sharon Lost Nation,0.2214,0,0,0,0,0,0,0,0,0,0,0,BUTTIGIEG
Sharon Township,0,0,0,0,0,0,0,0,0,0,0.405,0,WARREN
Sheldahl 01,0,0,0.2798,0,0,0,0,0,0,0,0,0,KLOBUCHAR
Sheldon 1st Ward,0.0727,0.1455,0.1455,0.1455,0,0,0,0,0,0,0,0,TIED
Sheldon 2nd Ward,0.0727,0.0727,0.0727,0,0,0,0,0,0,0,0.1455,0,TIED
Sheldon 3rd Ward,0.0727,0.0727,0.0727,0.0727,0,0,0,0,0,0,0.0727,0,TIED
Shenandoah 1,0.16,0.32,0,0,0,0,0,0,0,0,0,0,SANDERS
Shenandoah 2,0.24,0.24,0.16,0,0,0,0,0,0,0,0.16,0,TIED
Shenandoah 3,0.32,0.16,0.16,0.24,0,0,0,0,0,0,0,0,TIED
Sheridan-Grant-Jasper,0.22,0,0.11,0.22,0,0,0,0,0,0,0,0,TIED
Sherman,0,0,0,0,0,0,0,0,0,0,0.0875,0,WARREN
Sherman,0,0,0,0,0,0,0,0,0,0,0.0875,0,WARREN
Sherman SE Franklin Blencoe Sioux,0.05,0,0.1,0.05,0,0,0,0,0,0,0.1,0,TIED
Sherman Township,0,0,0,0,0,0,0,0,0,0,0,0.415,YANG
Sidney,0.15,0.3,0.225,0.225,0,0,0,0,0,0,0,0,TIED
Sigourney 1st Ward,0,0,0,0.1143,0,0,0,0,0,0,0.1143,0,TIED
Sigourney 2nd Ward,0.1143,0.1143,0,0,0,0,0,0,0,0,0,0,TIED
Sigourney 3rd Ward,0.1143,0,0.1143,0,0,0,0,0,0,0,0,0,TIED
Sigourney 4th Ward,0.1143,0,0.1143,0,0,0,0,0,0,0,0,0,TIED
Sigourney/Plank/Van Buren,0.1143,0,0,0.1143,0,0,0,0,0,0,0.1143,0,TIED
Silver City/Ingraham,0,0,0,0.1556,0,0,0,0,0,0,0,0,BIDEN
Sioux Center Central,0.0875,0,0.2625,0,0,0,0,0,0,0,0.175,0.0875,TIED
Sioux Center South,0,0.0875,0.2625,0.0875,0,0,0,0,0,0,0.0875,0,TIED
Sioux City 01,0.425,0.6375,0.2125,0.425,0,0,0,0,0,0,0,0,TIED
Sioux City 02,0.2125,0.85,0,0.2125,0,0,0,0,0,0,0.425,0,TIED
Sioux City 03,0.425,0.425,0,0.6375,0,0,0,0,0,0,0,0.2125,TIED
Sioux City 04,0.2125,0.6375,0,0.2125,0,0,0,0,0,0,0,0,TIED
Sioux City 05,0.425,0.6375,0,0.85,0,0,0,0,0,0,0,0,BIDEN
Sioux City 06,0.425,0.425,0.2125,0.425,0,0,0,0,0,0,0.425,0,TIED
Sioux City 07,0.2125,0.85,0,0.425,0,0,0,0,0,0,0.2125,0,TIED
Sioux City 08,0,0.6375,0,0.2125,0,0,0,0,0,0,0.2125,0,TIED
Sioux City 09,0,0.2125,0.2125,0,0,0,0,0,0,0.2125,0,0,TIED
Sioux City 10,0.425,0.425,0.2125,0.425,0,0,0,0,0,0,0.2125,0,TIED
Sioux City 11,0.2125,0.425,0,0.2125,0,0,0,0,0,0,0,0,TIED
Sioux City 12,0.425,0.85,0,0.2125,0,0,0,0,0,0,0.425,0,TIED
Sioux City 13,0,0.2125,0,0.2125,0,0,0,0,0,0,0.2125,0.2125,TIED
Sioux City 14,0,0.85,0,0.2125,0,0,0,0,0,0,0.2125,0,TIED
Sioux City 15,0.425,0.425,0,0.425,0,0,0,0,0,0,0.2125,0,TIED
Sioux City 16,0.425,0.85,0,0.2125,0,0,0,0,0,0,0,0,SANDERS
Sioux City 17,0.425,0.6375,0,0.425,0,0,0,0,0,0,0.425,0,TIED
Sioux City 18,0.425,0.6375,0,0.425,0,0,0,0,0,0,0.2125,0,TIED
Sioux City 19,0.6375,0.6375,0,0.6375,0,0,0,0,0,0,0,0,TIED
Sioux City 20,0.425,0.6375,0,0.85,0,0,0,0,0,0,0,0,BIDEN
Sioux City 21,0.6375,0.6375,0,0,0,0,0,0,0,0,0.2125,0,TIED
Sioux City 23,0.425,0.6375,0,0.2125,0,0,0,0,0,0,0.2125,0,TIED
Sioux Rapids Marathon Linn Grove Rembrandt,0,0,0,0,0,0,0,0,0,0,0,0,BUTTIGIEG
Slater/Sheldahl-Pal 2,0.415,0.415,0.415,0,0,0,0,0,0,0,0,0,TIED
Smithfield Twp,0,0,0.12,0,0,0,0,0,0,0,0,0,KLOBUCHAR
Solon,0.81,0.405,0.405,0,0,0,0,0,0,0,0.81,0,TIED
South,0.24,0.12,0.12,0.24,0,0,0,0,0,0,0.12,0,TIED
South Fork/Union,0.225,0,0.15,0.15,0,0,0,0,0,0,0.225,0,TIED
South Lake-North Norway,0.0889,0,0,0,0,0,0,0,0,0,0,0,BUTTIGIEG
Southeast,0,0,0.15,0.45,0,0,0,0,0,0,0.15,0,TIED
Southeast,0,0,0.15,0.45,0,0,0,0,0,0,0.15,0,TIED
Southeast Louisa,0,0.3,0,0.3,0,0,0,0,0,0,0.3,0.6,TIED
Southeast Precinct,0.5333,0.7333,0,0.4,0,0,0,0,0,0,0,0.3333,SANDERS
Southwest,0.06,0,0,0.15,0,0,0,0,0,0,0,0,BIDEN
Southwest Precinct,0.1333,0.1333,0.1333,0.1333,0,0,0,0,0,0,0.1333,0,TIED
Spencer Ward 1,0.2824,0.2824,0,0.1882,0,0,0,0,0,0,0.1882,0,TIED
Spencer Ward 2,0.3765,0.2824,0,0.2824,0,0,0,0,0,0,0.1882,0,TIED
Spencer Ward 3,0.1882,0.3765,0.2824,0.2824,0,0,0,0,0,0,0,0,TIED
Spencer Ward 4,0.2824,0.1882,0.3765,0.3765,0,0,0,0,0,0,0,0,TIED
Spencer Ward 5,0.2824,0.2824,0.3765,0.2824,0,0,0,0,0,0,0,0,TIED
Spring Creek,0.202,0,0,0,0,0,0,0,0,0,0,0,BUTTIGIEG
Spring Creek,0.202,0,0,0,0,0,0,0,0,0,0,0,BUTTIGIEG
Spring Creek/W Crystal,0.1294,0.2588,0.1294,0.1294,0,0,0,0,0,0,0.1294,0,TIED
Spring Grove,0,0,0,0.4395,0,0,0,0,0,0,0,0,BIDEN
Spring Rock Wheatland,0.2214,0.2214,0,0.2214,0,0,0,0,0,0,0,0,TIED
Spring Valley/Dallas,0,0,0,0.4143,0,0,0,0,0,0,0,0,BIDEN
Squaw Creek Twp,0,0.2333,0.2333,0,0,0,0,0,0,0,0,0,TIED
SRK,0.15,0,0.15,0.15,0,0,0,0,0,0,0,0,TIED
St Clair Ute,0.05,0.05,0.05,0,0,0,0,0,0,0,0.05,0,TIED
St. Charles-Riverton,0.4444,0,0.2222,0.2222,0,0,0,0,0,0,0.2222,0,TIED
Stapleton,0.28,0,0,0.21,0,0,0,0,0,0,0.07,0,BUTTIGIEG
State Center,0.48,0.32,0,0.32,0,0,0,0,0,0,0,0,TIED
Stockport,0,0,0,0.1,0,0,0,0,0,0,0,0,BIDEN
Storm Lake 01,0.4,0.4,0,0,0,0,0,0,0,0,0.4,0.2,TIED
Storm Lake 02,0,0.4,0,0.2,0,0,0,0,0,0,0.2,0,TIED
Storm Lake 03,0.4,0.2,0.2,0.4,0,0,0,0,0,0,0.2,0,TIED
Storm Lake 04,0.4,0.4,0.4,0.2,0,0,0,0,0,0,0.2,0,TIED
Story City,0.83,0.415,0.415,0.415,0,0,0,0,0,0,0.415,0,TIED
Sugar Grove/Dallas Center,0.4143,0.4143,0.4143,0.4143,0,0,0,0,0,0,0,0,TIED
Summit-Center-Dale-Highland,0.1455,0,0.2182,0.2182,0,0,0,0,0,0,0,0,TIED
Summit-Riverton-Sioux-Meadow,0.3765,0,0.0941,0.1882,0,0,0,0,0,0,0,0,BUTTIGIEG
Sumner-Webster-Yell-Hardin,0.1667,0.0833,0,0.1667,0,0,0,0,0,0,0,0,TIED
Swan Lake-N Marshall,0.24,0.06,0,0,0,0,0,0,0,0,0.12,0.12,TIED
Sweetland,0.1667,0.1667,0.3333,0.1667,0,0,0,0,0,0,0.1667,0,TIED
Taylor,0.32,0.16,0,0.32,0,0,0,0,0,0,0,0,TIED
Taylor/Chariton,0.24,0,0,0.24,0,0,0,0,0.08,0,0,0,TIED
Timber Creek,0.16,0,0.16,0.16,0,0,0,0,0.16,0,0,0,TIED
Tingley,0.075,0,0,0,0,0,0,0,0,0,0.0375,0,BUTTIGIEG
Tipton 1,0.1714,0.1714,0.1714,0.1714,0,0,0,0,0,0,0,0,TIED
Tipton 2,0.1714,0.1714,0,0.1714,0,0,0,0,0,0,0.1714,0,TIED
Tipton 3,0.1714,0.1714,0.1714,0.1714,0,0,0,0,0,0,0.1714,0,TIED
Toledo City,0.3882,0.2588,0,0.3882,0,0,0,0,0,0,0.3882,0,TIED
Treynor,0.24,0,0.12,0.12,0,0,0,0,0,0,0.24,0,TIED
Truesdale Washington Grant,0,0,0.2,0.2,0,0,0,0,0,0,0,0,TIED
UN,0.0889,0,0,0,0,0,0,0,0,0,0,0,BUTTIGIEG
Underwood,0.36,0.24,0.24,0.48,0,0,0,0,0,0,0.24,0,TIED
Union,0.22,0.11,0.11,0.22,0,0,0,0,0,0,0.11,0,TIED
Union,0.22,0.11,0.11,0.22,0,0,0,0,0,0,0.11,0,TIED
Union,0.22,0.11,0.11,0.22,0,0,0,0,0,0,0.11,0,TIED
Union,0.22,0.11,0.11,0.22,0,0,0,0,0,0,0.11,0,TIED
Union,0.22,0.11,0.11,0.22,0,0,0,0,0,0,0.11,0,TIED
Union,0.22,0.11,0.11,0.22,0,0,0,0,0,0,0.11,0,TIED
Union Township,0.405,0,0,0,0,0,0,0,0,0,0.405,0,TIED
Union Twp,0,0,0,0,0,0,0,0,0,0,0.12,0,WARREN
Union Twp-Cambridge,0,0.415,0.415,0,0,0,0,0,0,0,0,0,TIED
Union Twp/Cumberland,0,0.12,0,0,0,0,0,0,0,0,0,0,SANDERS
Union-Baker-Caledonia,0.1455,0,0.0727,0.1455,0,0,0,0,0,0.1455,0,0,TIED
Union-Crawford-Scott,0.36,0,0.36,0.24,0,0,0,0,0,0,0.36,0,TIED
Union/Udell Township,0.08,0.08,0,0.16,0,0,0,0,0,0,0,0,TIED
University Heights,0.405,0.405,0.405,0,0,0,0,0,0,0,0.405,0,TIED
Urbandale 01,0.5596,0.5596,0.5596,0.2798,0,0,0,0,0,0,0.5596,0,TIED
Urbandale 02,1.1192,0.5596,0,0.8394,0,0,0,0,0,0,0.5596,0,TIED
Urbandale 03,0.8394,0.5596,0.5596,0,0,0,0,0,0,0,0.8394,0,TIED
Urbandale 04,0.8394,0,0.5596,0.5596,0,0,0,0,0,0,0.5596,0,TIED
Urbandale 05,0.5596,0.5596,0.5596,0.5596,0,0,0,0,0,0,0.5596,0,TIED
Urbandale 06,0.8394,0.5596,0.5596,0.5596,0,0,0,0,0,0,0.5596,0,TIED
Urbandale 07,0.8394,0.5596,0.5596,0.5596,0,0,0,0,0,0,0.5596,0,TIED
Urbandale 08,0.5596,0.5596,0.5596,0.5596,0,0,0,0,0,0,0.5596,0,TIED
Urbandale 09,0.8394,0.8394,0,0.5596,0,0,0,0,0,0,0.8394,0,TIED
Urbandale 10,1.1192,0,0.5596,0.5596,0,0,0,0,0,0,0.5596,0,TIED
Urbandale 11,0.8394,0,0.5596,0.5596,0,0,0,0,0,0,0.5596,0,TIED
Urbandale 13,1.2429,0.4143,0.4143,0.4143,0,0,0,0,0,0,0.4143,0,TIED
Urbandale 14,0.8286,0,0.4143,0.4143,0,0,0,0,0,0,0.4143,0,TIED
Urbandale 15,0.4143,0,0.4143,0,0,0,0,0,0,0,0.4143,0,TIED
Van Meter,0.4143,0.4143,0.4143,0.4143,0,0,0,0,0,0,0,0,TIED
Vermillion/Douglas/Sharon,0.24,0,0.16,0.08,0,0,0,0,0,0,0,0,BUTTIGIEG
Vernon Springs,0.2857,0,0.1429,0.1429,0,0,0,0,0,0,0.1429,0,TIED
Vinton 1,0.225,0.15,0,0.375,0,0,0,0,0,0,0.15,0,TIED
Vinton 2,0.15,0.15,0.15,0.075,0,0,0,0,0,0,0.075,0,TIED
Vinton 3,0.3,0.225,0.15,0.15,0,0,0,0,0,0,0,0,TIED
Vinton 4,0.375,0.225,0.15,0,0,0,0,0,0,0,0,0,BUTTIGIEG
Virginia,0,0,0,0.2333,0,0,0,0,0,0,0.2333,0,TIED
Walford,0.15,0.225,0.225,0.15,0,0,0,0,0,0,0,0,TIED
Wall Lake,0.0667,0.1333,0,0,0,0,0,0,0,0,0.1333,0,TIED
Walnut,0.16,0,0.08,0,0,0,0,0,0.08,0,0,0.08,TIED
Walnut,0.16,0,0.08,0,0,0,0,0,0.08,0,0,0.08,TIED
Walnut-Ohio,0.24,0.12,0.12,0,0,0,0,0,0,0,0.12,0,TIED
Walnut/Grimes/Grant,0.4143,0.4143,0.4143,0,0,0,0,0,0,0,0,0,TIED
Ward1 Pilot Grove Frankfort Ro Twp,0.24,0.24,0,0.16,0,0,0,0,0,0,0.16,0,TIED
Ward2 Sherman Ro Twp,0.32,0.32,0,0.16,0,0,0,0,0,0,0,0,TIED
Ward3 Sherman Pilot Grove Frankfort Ro Twp,0.32,0,0.32,0.32,0,0,0,0,0,0,0,0,TIED
Warren,0,0,0,0,0,0,0,0,0,0,0,0.1143,YANG
Warren Twp-McCallsburg,0,0,0,0.415,0,0,0,0,0,0,0,0,BIDEN
Washington,0,0.075,0.1875,0,0,0,0,0,0,0,0.1125,0,KLOBUCHAR
Washington,0,0.075,0.1875,0,0,0,0,0,0,0,0.1125,0,KLOBUCHAR
Washington,0,0.075,0.1875,0,0,0,0,0,0,0,0.1125,0,KLOBUCHAR
Washington 01,0.2798,0,0,0,0,0,0,0,0,0,0,0,BUTTIGIEG
Washington 1 Township,0.07,0.07,0,0,0,0,0,0,0,0,0.07,0,TIED
Washington Janesville,0.202,0.202,0,0,0,0,0,0,0,0,0,0,TIED
Washington Township,0.18,0,0,0,0,0,0,0,0,0,0.18,0,TIED
Washington Township,0.18,0,0,0,0,0,0,0,0,0,0.18,0,TIED
Washington Twp-Kelley,0.415,0,0.415,0,0,0,0,0,0,0,0,0,TIED
Washington Ward 1,0,0.3714,0.1857,0.1857,0,0,0,0,0,0,0.3714,0,TIED
Washington Ward 2,0.1857,0.5571,0.1857,0,0,0,0,0,0,0,0.3714,0,TIED
Washington Ward 3,0.1857,0.3714,0.3714,0.3714,0,0,0,0,0,0,0.1857,0,TIED
Washington Ward 4,0.3714,0.5571,0.3714,0,0,0,0,0,0,0,0.1857,0,TIED
Washington-Roselle,0.33,0,0.11,0,0,0,0,0,0,0,0,0,BUTTIGIEG
Washington/Eldon,0.27,0.09,0,0.18,0,0,0,0,0,0,0,0,BUTTIGIEG
Washington/Wells,0,0.08,0,0.24,0,0,0,0,0,0,0,0,BIDEN
Waterford Charlotte,0.2214,0,0,0,0,0,0,0,0,0,0,0,BUTTIGIEG
Waterford-Lone Tree,0.0941,0,0,0.1882,0,0,0,0,0,0,0,0,BIDEN
Waterman-Grant-Liberty,0.1455,0.0727,0.0727,0,0,0,0,0,0,0,0.1455,0,TIED
Waukee 1,0.8286,0.4143,0.4143,0.4143,0,0,0,0,0,0,0.4143,0,TIED
Waukee 2,0.8286,0.4143,0,0.8286,0,0,0,0,0,0,0.4143,0,TIED
Waukee 3,1.2429,0.4143,0,0.4143,0,0,0,0,0,0,0.8286,0,TIED
Waukee 4,0.8286,0,0.4143,0.4143,0,0,0,0,0,0,0.4143,0,TIED
Waukee 5,0.8286,0,0,0.4143,0,0,0,0,0,0,0.8286,0,TIED
Waukee 6,0.8286,0.4143,0,0.4143,0,0,0,0,0,0,0.4143,0,TIED
Waverly Ward I/E Washington Twp,0.68,0.2267,0.4533,0.2267,0,0,0,0,0,0,0.4533,0,TIED
Waverly Ward II/NE 1/4 Sec 36 Washington Twp,0.4533,0.2267,0.4533,0,0,0,0,0,0,0,0.4533,0,TIED
Waverly Ward III,0.4533,0.4533,0,0,0,0,0,0,0,0,0.2267,0,TIED
Waverly Ward IV,0.68,0.2267,0.2267,0.4533,0,0,0,0,0,0,0.2267,0,TIED
Waverly Ward V/W Washington Twp,0.68,0,0.4533,0.2267,0,0,0,0,0,0,0.68,0,TIED
WDM Precinct 111,0.5596,0.8394,0,0,0,0,0,0,0,0,0.8394,0,TIED
WDM Precinct 112,0.2798,0.5596,0.2798,0,0,0,0,0,0,0,0.2798,0,TIED
WDM Precinct 113,0.5596,1.1192,0,0,0,0,0,0,0,0,0.5596,0,TIED
WDM Precinct 114,1.1192,0.8394,0.8394,0.5596,0,0,0,0,0,0,0,0,TIED
WDM Precinct 115,0.8394,0.2798,0,0.5596,0,0,0,0,0,0,0.2798,0,TIED
WDM Precinct 116,0.5596,0.5596,0.5596,0.5596,0,0,0,0,0,0,0.2798,0,TIED
WDM Precinct 117,0.5596,0.5596,0.2798,0.5596,0,0,0,0,0,0,0.5596,0,TIED
WDM Precinct 118,0.5596,0.8394,0,0.5596,0,0,0,0,0,0,0.5596,0,TIED
WDM Precinct 211,0.5596,0.5596,0,0.5596,0,0,0,0,0,0,0.2798,0,TIED
WDM Precinct 212,0.8394,0.8394,0.5596,0,0,0,0,0,0,0,0.8394,0,TIED
WDM Precinct 213,0.5596,0.2798,0.2798,0.2798,0,0,0,0,0,0,0.2798,0,TIED
WDM Precinct 311,1.1192,0.5596,0.5596,0,0,0,0,0,0,0,0.5596,0,TIED
WDM Precinct 312,0.8394,0.5596,0,0.5596,0,0,0,0,0,0,0.8394,0,TIED
WDM Precinct 313,0.2798,0,0.2798,0.2798,0,0,0,0,0,0,0.2798,0,TIED
WDM Precinct 314,0.5596,0.5596,0,0,0,0,0,0,0,0,0.5596,0,TIED
WDM Precinct 315,0.8394,0.5596,0.5596,0.2798,0,0,0,0,0,0,0,0,TIED
WDM Precinct 316,0.8394,0,0.8394,0.5596,0,0,0,0,0,0,0.8394,0,TIED
WDM Precinct 317,0.8394,0,0.5596,0.5596,0,0,0,0,0,0,0.5596,0,TIED
WDM Precinct 318,0.2798,0,0.2798,0.2798,0,0,0,0,0,0,0,0,TIED
Webster 01,0.2798,0.2798,0,0,0,0,0,0,0,0,0,0,TIED
Webster City 1,0.6,0.2,0.3,0.3,0,0,0,0,0,0,0.3,0,TIED
Webster City 2,0.7,0.3,0.3,0.4,0,0,0,0,0,0,0.3,0,TIED
Webster City 3,0.3,0.3,0.2,0.4,0,0,0,0,0,0,0,0,TIED
Wellman,0.3714,0.5571,0.5571,0.1857,0,0,0,0,0,0,0,0,TIED
Welton Washington Welton,0.2214,0.2214,0,0.2214,0,0,0,0,0,0,0,0,TIED
West Branch 1,0.6857,0.6857,0.5143,0,0,0,0,0,0,0,0.5143,0,TIED
West Branch/Center North,0.0875,0,0,0,0,0,0,0,0,0,0,0,BUTTIGIEG
West Chester,0.1857,0,0,0.1857,0,0,0,0,0,0,0.1857,0,TIED
West Des Moines 221,1.2429,0.8286,0,0.8286,0,0,0,0,0,0,0.4143,0,TIED
West Des Moines 222,0.4143,0.4143,0.4143,0.4143,0,0,0,0,0,0,0.4143,0,TIED
West Des Moines 223,0.4143,0,0.4143,0.4143,0,0,0,0,0,0,0.4143,0,TIED
West Des Moines 224,0.4143,0,0,0,0,0,0,0,0,0,0,0,BUTTIGIEG
West Des Moines 225,0.8286,0.8286,0,0.8286,0,0,0,0,0,0,0.8286,0,TIED
West Des Moines 226,0.4143,0.4143,0.4143,0,0,0,0,0,0,0,0.4143,0,TIED
West Des Moines 321,0.4143,0.4143,0.8286,0,0,0,0,0,0,0,0.4143,0,TIED
West Des Moines 322,0,0,0.4143,0.4143,0,0,0,0,0,0,0,0,TIED
West Liberty 1/Wapsie,0.6667,0.8333,0,0,0,0,0,0,0,0,0.5,0,SANDERS
West Liberty 2,0,0.6667,0,0.1667,0,0,0,0,0,0,0.3333,0,SANDERS
West Louisa,0.3,0.2,0.2,0.2,0,0,0,0,0,0,0.2,0,TIED
West Lucas Township,0,0.405,0,0.405,0,0,0,0,0,0,0.405,0,TIED
West Mott Township,0.0556,0.0556,0,0.1111,0,0,0,0,0,0,0,0,TIED
West Point/Pleasant Ridge/Denmark,0.7,0.28,0,0.56,0,0,0,0,0,0,0.28,0,TIED
West Precinct,0.12,0.12,0.12,0,0,0,0,0,0.12,0,0,0,TIED
West Union Ward 1,0.12,0,0.12,0.12,0,0,0,0,0,0,0.12,0.12,TIED
West Union Ward 2,0.24,0.12,0,0,0,0,0,0,0,0,0,0,BUTTIGIEG
West Union Ward 3,0.12,0.12,0,0.12,0,0,0,0,0,0,0.12,0,TIED
Westfield Twp,0.24,0.24,0.24,0,0,0,0,0,0,0,0.12,0,TIED
What Cheer/Washington,0,0.1143,0,0.1143,0,0,0,0,0,0,0.1143,0,TIED
Wheatland-Kniest,0.11,0,0.11,0,0,0,0,0,0,0,0.11,0.11,TIED
White,0,0,0.0857,0.0857,0,0,0,0,0,0,0,0,TIED
White Breast,0,0.2333,0,0,0,0,0,0,0,0,0,0,SANDERS
White Oak Twp,0.2333,0,0,0.2333,0,0,0,0,0,0,0.2333,0,TIED
Williamsburg,0.6,0.5,0,0.5,0,0,0,0,0,0,0.7,0,TIED
Williamson,0.2182,0,0,0.1455,0,0,0,0,0.0727,0,0,0.0727,TIED
Wilton City,0.5,0.5,0,0.3333,0,0,0,0,0,0,0.3333,0,TIED
Wilton/Moscow,0.1667,0.1667,0,0,0,0,0,0,0,0,0.1667,0,TIED
Windsor Heights 01,0.5596,0.2798,0,0.2798,0,0,0,0,0,0,0.5596,0,TIED
Windsor Heights 02,0.5596,0.2798,0.2798,0.2798,0,0,0,0,0,0,0.5596,0,TIED
Windsor Heights 03,0.8394,0.5596,0,0.5596,0,0,0,0,0,0,0.5596,0,TIED
Winterset 1,0.6,0.24,0,0.36,0,0,0,0,0,0,0.36,0,TIED
Winterset 2,0.48,0.36,0.24,0.24,0,0,0,0,0,0,0.24,0,TIED
Winthrop,0.5474,0,0.1368,0.2737,0,0,0,0,0,0,0,0,BUTTIGIEG
Wisner/Scott,0,0,0.1667,0.0556,0,0,0,0,0,0,0,0,KLOBUCHAR
WL 1-1,0.606,0.606,0,0.404,0,0,0,0,0,0,0.404,0,TIED
WL 1-2,0.606,0.606,0,0.202,0,0,0,0,0,0,0.404,0,TIED
WL 1-3,0,0.808,0,0.404,0,0,0,0,0,0,0.404,0,TIED
WL 1-4,0.606,0.404,0,0.404,0,0,0,0,0,0,0.404,0,TIED
WL 1-5,0.202,0.404,0.202,0.404,0,0,0,0,0,0,0.404,0,TIED
WL 1-6,0.404,0.606,0.606,0.606,0,0,0,0,0,0,0,0,TIED
WL 2-1,0.404,0.404,0,0.202,0,0,0,0,0,0,0.202,0,TIED
WL 2-2,0,0.606,0.404,0,0,0,0,0,0,0,0.202,0.202,TIED
WL 2-3,0.606,0.808,0,0,0,0,0,0,0,0,0.404,0,SANDERS
WL 2-4,0.808,0.808,0.606,0.606,0,0,0,0,0,0,0.606,0,TIED
WL 2-5,0.606,0.606,0,0.404,0,0,0,0,0,0,0.202,0,TIED
WL 2-6,0.404,0.404,0.404,0.202,0,0,0,0,0,0,0.404,0,TIED
WL 3-1,0.404,0.404,0,0.404,0,0,0,0,0,0,0.404,0,TIED
WL 3-2,0.404,0.404,0,0.606,0,0,0,0,0,0,0.404,0,TIED
WL 3-3,0,0.404,0,0,0,0,0,0,0.404,0,0.404,0.202,TIED
WL 3-4,0,0.808,0,0.404,0,0,0,0,0,0,0.202,0,SANDERS
WL 3-5,0.404,1.01,0,0.404,0,0,0,0,0,0,0.404,0,TIED
WL 3-6,0.202,0.606,0,0,0,0,0,0,0,0,0.404,0,SANDERS
WL 4-1,0,0.404,0,1.01,0,0,0,0,0,0,0.606,0,BIDEN
WL 4-2,0,0.404,0,0.606,0,0,0,0,0,0,0.404,0,TIED
WL 4-3,0,0.202,0,0.404,0,0,0,0,0,0,0.202,0.202,TIED
WL 4-4,0,0.808,0,0.606,0,0,0,0,0,0,0,0,SANDERS
WL 4-5,0,0.808,0,1.01,0,0,0,0,0,0,0.404,0,BIDEN
WL 4-6,0,0.404,0,0.202,0,0,0,0,0.202,0,0.202,0,TIED
WL 5-1,0,0.202,0.202,0,0,0,0,0,0,0,0.202,0.202,TIED
WL 5-2,0.404,0.606,0,0.202,0,0,0,0,0,0,0.404,0,TIED
WL 5-3,0.404,0.808,0,0.202,0,0,0,0,0,0,0,0,SANDERS
WL 5-4,0.606,0.606,0,0.404,0,0,0,0,0,0,0.202,0,TIED
WL 5-5,0.404,0.404,0.606,0.404,0,0,0,0,0,0,0.202,0,TIED
WL 5-6,0.404,0.606,0.404,0.404,0,0,0,0,0,0,0,0,TIED
Woodburn Precinct,0.08,0.08,0.08,0,0,0,0,0,0,0,0,0,TIED
Woodbury 22,0,0.6375,0,0.6375,0,0,0,0,0,0,0.2125,0.2125,TIED
Woodbury 24,0.425,0.2125,0,0.425,0,0,0,0,0,0,0.425,0,TIED
Woodbury 25,0.2125,0.6375,0.2125,0,0,0,0,0,0,0,0.425,0,TIED
Woodbury 26,0.6375,0.425,0,0.425,0,0,0,0,0,0,0.2125,0,TIED
Woodbury 27,0.2125,0.6375,0,0.425,0,0,0,0,0,0,0.425,0,TIED
Woodbury 28,0.85,0,0.425,0.6375,0,0,0,0,0,0,0.85,0,TIED
WY-Wyoming,0.16,0,0.16,0.16,0,0,0,0,0,0,0,0,TIED
York,0.1294,0,0,0.1294,0,0,0,0,0,0,0,0,TIED